Unnamed: 0,Symbol,Company Name,Sector,Country,yf_ticker
0,360ONE,360 ONE WAM Ltd.,Financial Services,IND,360ONE.NS
1,3MINDIA,3M India Ltd.,Diversified,IND,3MINDIA.NS
2,ABB,ABB India Ltd.,Capital Goods,IND,ABB.NS
3,ACC,ACC Ltd.,Construction Materials,IND,ACC.NS
4,ACMESOLAR,ACME Solar Holdings Ltd.,Power,IND,ACMESOLAR.NS
5,AIAENG,AIA Engineering Ltd.,Capital Goods,IND,AIAENG.NS
6,APLAPOLLO,APL Apollo Tubes Ltd.,Capital Goods,IND,APLAPOLLO.NS
7,AUBANK,AU Small Finance Bank Ltd.,Financial Services,IND,AUBANK.NS
8,AWL,AWL Agri Business Ltd.,Fast Moving Consumer Goods,IND,AWL.NS
9,AADHARHFC,Aadhar Housing Finance Ltd.,Financial Services,IND,AADHARHFC.NS
10,AARTIIND,Aarti Industries Ltd.,Chemicals,IND,AARTIIND.NS
11,AAVAS,Aavas Financiers Ltd.,Financial Services,IND,AAVAS.NS
12,ABBOTINDIA,Abbott India Ltd.,Healthcare,IND,ABBOTINDIA.NS
13,ACE,Action Construction Equipment Ltd.,Capital Goods,IND,ACE.NS
14,ACUTAAS,Acutaas Chemicals Ltd.,Healthcare,IND,ACUTAAS.NS
15,ADANIENSOL,Adani Energy Solutions Ltd.,Power,IND,ADANIENSOL.NS
16,ADANIENT,Adani Enterprises Ltd.,Metals & Mining,IND,ADANIENT.NS
17,ADANIGREEN,Adani Green Energy Ltd.,Power,IND,ADANIGREEN.NS
18,ADANIPORTS,Adani Ports and Special Economic Zone Ltd.,Services,IND,ADANIPORTS.NS
19,ADANIPOWER,Adani Power Ltd.,Power,IND,ADANIPOWER.NS
20,ATGL,Adani Total Gas Ltd.,Oil Gas & Consumable Fuels,IND,ATGL.NS
21,ABCAPITAL,Aditya Birla Capital Ltd.,Financial Services,IND,ABCAPITAL.NS
22,ABFRL,Aditya Birla Fashion and Retail Ltd.,Consumer Services,IND,ABFRL.NS
23,ABLBL,Aditya Birla Lifestyle Brands Ltd.,Consumer Services,IND,ABLBL.NS
24,ABREL,Aditya Birla Real Estate Ltd.,Realty,IND,ABREL.NS
25,ABSLAMC,Aditya Birla Sun Life AMC Ltd.,Financial Services,IND,ABSLAMC.NS
26,CPPLUS,Aditya Infotech Ltd.,Capital Goods,IND,CPPLUS.NS
27,AEGISLOG,Aegis Logistics Ltd.,Oil Gas & Consumable Fuels,IND,AEGISLOG.NS
28,AEGISVOPAK,Aegis Vopak Terminals Ltd.,Oil Gas & Consumable Fuels,IND,AEGISVOPAK.NS
29,AFCONS,Afcons Infrastructure Ltd.,Construction,IND,AFCONS.NS
30,AFFLE,Affle 3i Ltd.,Information Technology,IND,AFFLE.NS
31,AJANTPHARM,Ajanta Pharmaceuticals Ltd.,Healthcare,IND,AJANTPHARM.NS
32,ALKEM,Alkem Laboratories Ltd.,Healthcare,IND,ALKEM.NS
33,ABDL,Allied Blenders and Distillers Ltd.,Fast Moving Consumer Goods,IND,ABDL.NS
34,ARE&M,Amara Raja Energy & Mobility Ltd.,Automobile and Auto Components,IND,ARE&M.NS
35,AMBER,Amber Enterprises India Ltd.,Consumer Durables,IND,AMBER.NS
36,AMBUJACEM,Ambuja Cements Ltd.,Construction Materials,IND,AMBUJACEM.NS
37,ANANDRATHI,Anand Rathi Wealth Ltd.,Financial Services,IND,ANANDRATHI.NS
38,ANANTRAJ,Anant Raj Ltd.,Realty,IND,ANANTRAJ.NS
39,ANGELONE,Angel One Ltd.,Financial Services,IND,ANGELONE.NS
40,ANTHEM,Anthem Biosciences Ltd.,Healthcare,IND,ANTHEM.NS
41,ANURAS,Anupam Rasayan India Ltd.,Chemicals,IND,ANURAS.NS
42,APARINDS,Apar Industries Ltd.,Capital Goods,IND,APARINDS.NS
43,APOLLOHOSP,Apollo Hospitals Enterprise Ltd.,Healthcare,IND,APOLLOHOSP.NS
44,APOLLOTYRE,Apollo Tyres Ltd.,Automobile and Auto Components,IND,APOLLOTYRE.NS
45,APTUS,Aptus Value Housing Finance India Ltd.,Financial Services,IND,APTUS.NS
46,ASAHIINDIA,Asahi India Glass Ltd.,Automobile and Auto Components,IND,ASAHIINDIA.NS
47,ASHOKLEY,Ashok Leyland Ltd.,Capital Goods,IND,ASHOKLEY.NS
48,ASIANPAINT,Asian Paints Ltd.,Consumer Durables,IND,ASIANPAINT.NS
49,ASTERDM,Aster DM Healthcare Ltd.,Healthcare,IND,ASTERDM.NS
50,ASTRAL,Astral Ltd.,Capital Goods,IND,ASTRAL.NS
51,ATHERENERG,Ather Energy Ltd.,Automobile and Auto Components,IND,ATHERENERG.NS
52,ATUL,Atul Ltd.,Chemicals,IND,ATUL.NS
53,AUROPHARMA,Aurobindo Pharma Ltd.,Healthcare,IND,AUROPHARMA.NS
54,AIIL,Authum Investment & Infrastructure Ltd.,Financial Services,IND,AIIL.NS
55,DMART,Avenue Supermarts Ltd.,Consumer Services,IND,DMART.NS
56,AXISBANK,Axis Bank Ltd.,Financial Services,IND,AXISBANK.NS
57,BEML,BEML Ltd.,Capital Goods,IND,BEML.NS
58,BLS,BLS International Services Ltd.,Consumer Services,IND,BLS.NS
59,BSE,BSE Ltd.,Financial Services,IND,BSE.NS
60,BAJAJ-AUTO,Bajaj Auto Ltd.,Automobile and Auto Components,IND,BAJAJ-AUTO.NS
61,BAJFINANCE,Bajaj Finance Ltd.,Financial Services,IND,BAJFINANCE.NS
62,BAJAJFINSV,Bajaj Finserv Ltd.,Financial Services,IND,BAJAJFINSV.NS
63,BAJAJHLDNG,Bajaj Holdings & Investment Ltd.,Financial Services,IND,BAJAJHLDNG.NS
64,BAJAJHFL,Bajaj Housing Finance Ltd.,Financial Services,IND,BAJAJHFL.NS
65,BALKRISIND,Balkrishna Industries Ltd.,Automobile and Auto Components,IND,BALKRISIND.NS
66,BALRAMCHIN,Balrampur Chini Mills Ltd.,Fast Moving Consumer Goods,IND,BALRAMCHIN.NS
67,BANDHANBNK,Bandhan Bank Ltd.,Financial Services,IND,BANDHANBNK.NS
68,BANKBARODA,Bank of Baroda,Financial Services,IND,BANKBARODA.NS
69,BANKINDIA,Bank of India,Financial Services,IND,BANKINDIA.NS
70,MAHABANK,Bank of Maharashtra,Financial Services,IND,MAHABANK.NS
71,BATAINDIA,Bata India Ltd.,Consumer Durables,IND,BATAINDIA.NS
72,BAYERCROP,Bayer Cropscience Ltd.,Chemicals,IND,BAYERCROP.NS
73,BELRISE,Belrise Industries Ltd.,Automobile and Auto Components,IND,BELRISE.NS
74,BERGEPAINT,Berger Paints India Ltd.,Consumer Durables,IND,BERGEPAINT.NS
75,BDL,Bharat Dynamics Ltd.,Capital Goods,IND,BDL.NS
76,BEL,Bharat Electronics Ltd.,Capital Goods,IND,BEL.NS
77,BHARATFORG,Bharat Forge Ltd.,Automobile and Auto Components,IND,BHARATFORG.NS
78,BHEL,Bharat Heavy Electricals Ltd.,Capital Goods,IND,BHEL.NS
79,BPCL,Bharat Petroleum Corporation Ltd.,Oil Gas & Consumable Fuels,IND,BPCL.NS
80,BHARTIARTL,Bharti Airtel Ltd.,Telecommunication,IND,BHARTIARTL.NS
81,BHARTIHEXA,Bharti Hexacom Ltd.,Telecommunication,IND,BHARTIHEXA.NS
82,BIKAJI,Bikaji Foods International Ltd.,Fast Moving Consumer Goods,IND,BIKAJI.NS
83,GROWW,Billionbrains Garage Ventures Ltd.,Financial Services,IND,GROWW.NS
84,BIOCON,Biocon Ltd.,Healthcare,IND,BIOCON.NS
85,BSOFT,Birlasoft Ltd.,Information Technology,IND,BSOFT.NS
86,BLUEDART,Blue Dart Express Ltd.,Services,IND,BLUEDART.NS
87,BLUEJET,Blue Jet Healthcare Ltd.,Healthcare,IND,BLUEJET.NS
88,BLUESTARCO,Blue Star Ltd.,Consumer Durables,IND,BLUESTARCO.NS
89,BBTC,Bombay Burmah Trading Corporation Ltd.,Fast Moving Consumer Goods,IND,BBTC.NS
90,BOSCHLTD,Bosch Ltd.,Automobile and Auto Components,IND,BOSCHLTD.NS
91,FIRSTCRY,Brainbees Solutions Ltd.,Consumer Services,IND,FIRSTCRY.NS
92,BRIGADE,Brigade Enterprises Ltd.,Realty,IND,BRIGADE.NS
93,BRITANNIA,Britannia Industries Ltd.,Fast Moving Consumer Goods,IND,BRITANNIA.NS
94,MAPMYINDIA,C.E. Info Systems Ltd.,Information Technology,IND,MAPMYINDIA.NS
95,CCL,CCL Products (I) Ltd.,Fast Moving Consumer Goods,IND,CCL.NS
96,CESC,CESC Ltd.,Power,IND,CESC.NS
97,CGPOWER,CG Power and Industrial Solutions Ltd.,Capital Goods,IND,CGPOWER.NS
98,CIEINDIA,CIE Automotive India Ltd.,Automobile and Auto Components,IND,CIEINDIA.NS
99,CRISIL,CRISIL Ltd.,Financial Services,IND,CRISIL.NS
100,CANFINHOME,Can Fin Homes Ltd.,Financial Services,IND,CANFINHOME.NS
101,CANBK,Canara Bank,Financial Services,IND,CANBK.NS
102,CANHLIFE,Canara HSBC Life Insurance Company Ltd.,Financial Services,IND,CANHLIFE.NS
103,CAPLIPOINT,Caplin Point Laboratories Ltd.,Healthcare,IND,CAPLIPOINT.NS
104,CGCL,Capri Global Capital Ltd.,Financial Services,IND,CGCL.NS
105,CARBORUNIV,Carborundum Universal Ltd.,Capital Goods,IND,CARBORUNIV.NS
106,CARTRADE,Cartrade Tech Ltd.,Consumer Services,IND,CARTRADE.NS
107,CASTROLIND,Castrol India Ltd.,Oil Gas & Consumable Fuels,IND,CASTROLIND.NS
108,CEATLTD,Ceat Ltd.,Automobile and Auto Components,IND,CEATLTD.NS
109,CEMPRO,Cemindia Projects Ltd.,Construction,IND,CEMPRO.NS
110,CENTRALBK,Central Bank of India,Financial Services,IND,CENTRALBK.NS
111,CDSL,Central Depository Services (India) Ltd.,Financial Services,IND,CDSL.NS
112,CHALET,Chalet Hotels Ltd.,Consumer Services,IND,CHALET.NS
113,CHAMBLFERT,Chambal Fertilizers & Chemicals Ltd.,Chemicals,IND,CHAMBLFERT.NS
114,CHENNPETRO,Chennai Petroleum Corporation Ltd.,Oil Gas & Consumable Fuels,IND,CHENNPETRO.NS
115,CHOICEIN,Choice International Ltd.,Financial Services,IND,CHOICEIN.NS
116,CHOLAHLDNG,Cholamandalam Financial Holdings Ltd.,Financial Services,IND,CHOLAHLDNG.NS
117,CHOLAFIN,Cholamandalam Investment and Finance Company Ltd.,Financial Services,IND,CHOLAFIN.NS
118,CIPLA,Cipla Ltd.,Healthcare,IND,CIPLA.NS
119,CUB,City Union Bank Ltd.,Financial Services,IND,CUB.NS
120,CLEAN,Clean Science and Technology Ltd.,Chemicals,IND,CLEAN.NS
121,COALINDIA,Coal India Ltd.,Oil Gas & Consumable Fuels,IND,COALINDIA.NS
122,COCHINSHIP,Cochin Shipyard Ltd.,Capital Goods,IND,COCHINSHIP.NS
123,COFORGE,Coforge Ltd.,Information Technology,IND,COFORGE.NS
124,COHANCE,Cohance Lifesciences Ltd.,Healthcare,IND,COHANCE.NS
125,COLPAL,Colgate Palmolive (India) Ltd.,Fast Moving Consumer Goods,IND,COLPAL.NS
126,CAMS,Computer Age Management Services Ltd.,Financial Services,IND,CAMS.NS
127,CONCORDBIO,Concord Biotech Ltd.,Healthcare,IND,CONCORDBIO.NS
128,CONCOR,Container Corporation of India Ltd.,Services,IND,CONCOR.NS
129,COROMANDEL,Coromandel International Ltd.,Chemicals,IND,COROMANDEL.NS
130,CRAFTSMAN,Craftsman Automation Ltd.,Automobile and Auto Components,IND,CRAFTSMAN.NS
131,CREDITACC,CreditAccess Grameen Ltd.,Financial Services,IND,CREDITACC.NS
132,CROMPTON,Crompton Greaves Consumer Electricals Ltd.,Consumer Durables,IND,CROMPTON.NS
133,CUMMINSIND,Cummins India Ltd.,Capital Goods,IND,CUMMINSIND.NS
134,CYIENT,Cyient Ltd.,Information Technology,IND,CYIENT.NS
135,DCMSHRIRAM,DCM Shriram Ltd.,Diversified,IND,DCMSHRIRAM.NS
136,DLF,DLF Ltd.,Realty,IND,DLF.NS
137,DOMS,DOMS Industries Ltd.,Fast Moving Consumer Goods,IND,DOMS.NS
138,DABUR,Dabur India Ltd.,Fast Moving Consumer Goods,IND,DABUR.NS
139,DALBHARAT,Dalmia Bharat Ltd.,Construction Materials,IND,DALBHARAT.NS
140,DATAPATTNS,Data Patterns (India) Ltd.,Capital Goods,IND,DATAPATTNS.NS
141,DEEPAKFERT,Deepak Fertilisers & Petrochemicals Corp. Ltd.,Chemicals,IND,DEEPAKFERT.NS
142,DEEPAKNTR,Deepak Nitrite Ltd.,Chemicals,IND,DEEPAKNTR.NS
143,DELHIVERY,Delhivery Ltd.,Services,IND,DELHIVERY.NS
144,DEVYANI,Devyani International Ltd.,Consumer Services,IND,DEVYANI.NS
145,DIVISLAB,Divi's Laboratories Ltd.,Healthcare,IND,DIVISLAB.NS
146,DIXON,Dixon Technologies (India) Ltd.,Consumer Durables,IND,DIXON.NS
147,LALPATHLAB,Dr. Lal Path Labs Ltd.,Healthcare,IND,LALPATHLAB.NS
148,DRREDDY,Dr. Reddy's Laboratories Ltd.,Healthcare,IND,DRREDDY.NS
149,EIDPARRY,E.I.D. Parry (India) Ltd.,Fast Moving Consumer Goods,IND,EIDPARRY.NS
150,EIHOTEL,EIH Ltd.,Consumer Services,IND,EIHOTEL.NS
151,EICHERMOT,Eicher Motors Ltd.,Automobile and Auto Components,IND,EICHERMOT.NS
152,ELECON,Elecon Engineering Co. Ltd.,Capital Goods,IND,ELECON.NS
153,ELGIEQUIP,Elgi Equipments Ltd.,Capital Goods,IND,ELGIEQUIP.NS
154,EMAMILTD,Emami Ltd.,Fast Moving Consumer Goods,IND,EMAMILTD.NS
155,EMCURE,Emcure Pharmaceuticals Ltd.,Healthcare,IND,EMCURE.NS
156,EMMVEE,Emmvee Photovoltaic Power Ltd.,Capital Goods,IND,EMMVEE.NS
157,ENDURANCE,Endurance Technologies Ltd.,Automobile and Auto Components,IND,ENDURANCE.NS
158,ENGINERSIN,Engineers India Ltd.,Construction,IND,ENGINERSIN.NS
159,ERIS,Eris Lifesciences Ltd.,Healthcare,IND,ERIS.NS
160,ESCORTS,Escorts Kubota Ltd.,Capital Goods,IND,ESCORTS.NS
161,ETERNAL,Eternal Ltd.,Consumer Services,IND,ETERNAL.NS
162,EXIDEIND,Exide Industries Ltd.,Automobile and Auto Components,IND,EXIDEIND.NS
163,NYKAA,FSN E-Commerce Ventures Ltd.,Consumer Services,IND,NYKAA.NS
164,FEDERALBNK,Federal Bank Ltd.,Financial Services,IND,FEDERALBNK.NS
165,FACT,Fertilisers and Chemicals Travancore Ltd.,Chemicals,IND,FACT.NS
166,FINCABLES,Finolex Cables Ltd.,Capital Goods,IND,FINCABLES.NS
167,FSL,Firstsource Solutions Ltd.,Services,IND,FSL.NS
168,FIVESTAR,Five-Star Business Finance Ltd.,Financial Services,IND,FIVESTAR.NS
169,FORCEMOT,Force Motors Ltd.,Automobile and Auto Components,IND,FORCEMOT.NS
170,FORTIS,Fortis Healthcare Ltd.,Healthcare,IND,FORTIS.NS
171,GAIL,GAIL (India) Ltd.,Oil Gas & Consumable Fuels,IND,GAIL.NS
172,GVT&D,GE Vernova T&D India Ltd.,Capital Goods,IND,GVT&D.NS
173,GMRAIRPORT,GMR Airports Ltd.,Services,IND,GMRAIRPORT.NS
174,GABRIEL,Gabriel India Ltd.,Automobile and Auto Components,IND,GABRIEL.NS
175,GALLANTT,Gallantt Ispat Ltd.,Capital Goods,IND,GALLANTT.NS
176,GRSE,Garden Reach Shipbuilders & Engineers Ltd.,Capital Goods,IND,GRSE.NS
177,GICRE,General Insurance Corporation of India,Financial Services,IND,GICRE.NS
178,GILLETTE,Gillette India Ltd.,Fast Moving Consumer Goods,IND,GILLETTE.NS
179,GLAND,Gland Pharma Ltd.,Healthcare,IND,GLAND.NS
180,GLAXO,Glaxosmithkline Pharmaceuticals Ltd.,Healthcare,IND,GLAXO.NS
181,GLENMARK,Glenmark Pharmaceuticals Ltd.,Healthcare,IND,GLENMARK.NS
182,MEDANTA,Global Health Ltd.,Healthcare,IND,MEDANTA.NS
183,GODIGIT,Go Digit General Insurance Ltd.,Financial Services,IND,GODIGIT.NS
184,GPIL,Godawari Power & Ispat Ltd.,Capital Goods,IND,GPIL.NS
185,GODFRYPHLP,Godfrey Phillips India Ltd.,Fast Moving Consumer Goods,IND,GODFRYPHLP.NS
186,GODREJCP,Godrej Consumer Products Ltd.,Fast Moving Consumer Goods,IND,GODREJCP.NS
187,GODREJIND,Godrej Industries Ltd.,Diversified,IND,GODREJIND.NS
188,GODREJPROP,Godrej Properties Ltd.,Realty,IND,GODREJPROP.NS
189,GRANULES,Granules India Ltd.,Healthcare,IND,GRANULES.NS
190,GRAPHITE,Graphite India Ltd.,Capital Goods,IND,GRAPHITE.NS
191,GRASIM,Grasim Industries Ltd.,Construction Materials,IND,GRASIM.NS
192,GRAVITA,Gravita India Ltd.,Metals & Mining,IND,GRAVITA.NS
193,GESHIP,Great Eastern Shipping Co. Ltd.,Services,IND,GESHIP.NS
194,FLUOROCHEM,Gujarat Fluorochemicals Ltd.,Chemicals,IND,FLUOROCHEM.NS
195,GMDCLTD,Gujarat Mineral Development Corporation Ltd.,Metals & Mining,IND,GMDCLTD.NS
196,HEG,H.E.G. Ltd.,Capital Goods,IND,HEG.NS
197,HBLENGINE,HBL Engineering Ltd.,Capital Goods,IND,HBLENGINE.NS
198,HCLTECH,HCL Technologies Ltd.,Information Technology,IND,HCLTECH.NS
199,HDBFS,HDB Financial Services Ltd.,Financial Services,IND,HDBFS.NS
200,HDFCAMC,HDFC Asset Management Company Ltd.,Financial Services,IND,HDFCAMC.NS
201,HDFCBANK,HDFC Bank Ltd.,Financial Services,IND,HDFCBANK.NS
202,HDFCLIFE,HDFC Life Insurance Company Ltd.,Financial Services,IND,HDFCLIFE.NS
203,HFCL,HFCL Ltd.,Telecommunication,IND,HFCL.NS
204,HAVELLS,Havells India Ltd.,Consumer Durables,IND,HAVELLS.NS
205,HEROMOTOCO,Hero MotoCorp Ltd.,Automobile and Auto Components,IND,HEROMOTOCO.NS
206,HEXT,Hexaware Technologies Ltd.,Information Technology,IND,HEXT.NS
207,HSCL,Himadri Speciality Chemical Ltd.,Chemicals,IND,HSCL.NS
208,HINDALCO,Hindalco Industries Ltd.,Metals & Mining,IND,HINDALCO.NS
209,HAL,Hindustan Aeronautics Ltd.,Capital Goods,IND,HAL.NS
210,HINDCOPPER,Hindustan Copper Ltd.,Metals & Mining,IND,HINDCOPPER.NS
211,HINDPETRO,Hindustan Petroleum Corporation Ltd.,Oil Gas & Consumable Fuels,IND,HINDPETRO.NS
212,HINDUNILVR,Hindustan Unilever Ltd.,Fast Moving Consumer Goods,IND,HINDUNILVR.NS
213,HINDZINC,Hindustan Zinc Ltd.,Metals & Mining,IND,HINDZINC.NS
214,POWERINDIA,Hitachi Energy India Ltd.,Capital Goods,IND,POWERINDIA.NS
215,HOMEFIRST,Home First Finance Company India Ltd.,Financial Services,IND,HOMEFIRST.NS
216,HONASA,Honasa Consumer Ltd.,Fast Moving Consumer Goods,IND,HONASA.NS
217,HONAUT,Honeywell Automation India Ltd.,Capital Goods,IND,HONAUT.NS
218,HUDCO,Housing & Urban Development Corporation Ltd.,Financial Services,IND,HUDCO.NS
219,HYUNDAI,Hyundai Motor India Ltd.,Automobile and Auto Components,IND,HYUNDAI.NS
220,ICICIBANK,ICICI Bank Ltd.,Financial Services,IND,ICICIBANK.NS
221,ICICIGI,ICICI Lombard General Insurance Company Ltd.,Financial Services,IND,ICICIGI.NS
222,ICICIAMC,ICICI Prudential Asset Management Company Ltd.,Financial Services,IND,ICICIAMC.NS
223,ICICIPRULI,ICICI Prudential Life Insurance Company Ltd.,Financial Services,IND,ICICIPRULI.NS
224,IDBI,IDBI Bank Ltd.,Financial Services,IND,IDBI.NS
225,IDFCFIRSTB,IDFC First Bank Ltd.,Financial Services,IND,IDFCFIRSTB.NS
226,IFCI,IFCI Ltd.,Financial Services,IND,IFCI.NS
227,IIFL,IIFL Finance Ltd.,Financial Services,IND,IIFL.NS
228,IRB,IRB Infrastructure Developers Ltd.,Construction,IND,IRB.NS
229,IRCON,IRCON International Ltd.,Construction,IND,IRCON.NS
230,ITCHOTELS,ITC Hotels Ltd.,Consumer Services,IND,ITCHOTELS.NS
231,ITC,ITC Ltd.,Fast Moving Consumer Goods,IND,ITC.NS
232,ITI,ITI Ltd.,Telecommunication,IND,ITI.NS
233,INDGN,Indegene Ltd.,Healthcare,IND,INDGN.NS
234,INDIACEM,India Cements Ltd.,Construction Materials,IND,INDIACEM.NS
235,INDIAMART,Indiamart Intermesh Ltd.,Consumer Services,IND,INDIAMART.NS
236,INDIANB,Indian Bank,Financial Services,IND,INDIANB.NS
237,IEX,Indian Energy Exchange Ltd.,Financial Services,IND,IEX.NS
238,INDHOTEL,Indian Hotels Co. Ltd.,Consumer Services,IND,INDHOTEL.NS
239,IOC,Indian Oil Corporation Ltd.,Oil Gas & Consumable Fuels,IND,IOC.NS
240,IOB,Indian Overseas Bank,Financial Services,IND,IOB.NS
241,IRCTC,Indian Railway Catering And Tourism Corporation Ltd.,Consumer Services,IND,IRCTC.NS
242,IRFC,Indian Railway Finance Corporation Ltd.,Financial Services,IND,IRFC.NS
243,IREDA,Indian Renewable Energy Development Agency Ltd.,Financial Services,IND,IREDA.NS
244,IGL,Indraprastha Gas Ltd.,Oil Gas & Consumable Fuels,IND,IGL.NS
245,INDUSTOWER,Indus Towers Ltd.,Telecommunication,IND,INDUSTOWER.NS
246,INDUSINDBK,IndusInd Bank Ltd.,Financial Services,IND,INDUSINDBK.NS
247,NAUKRI,Info Edge (India) Ltd.,Consumer Services,IND,NAUKRI.NS
248,INFY,Infosys Ltd.,Information Technology,IND,INFY.NS
249,INOXWIND,Inox Wind Ltd.,Capital Goods,IND,INOXWIND.NS
250,INTELLECT,Intellect Design Arena Ltd.,Information Technology,IND,INTELLECT.NS
251,INDIGO,InterGlobe Aviation Ltd.,Services,IND,INDIGO.NS
252,IGIL,International Gemological Institute Ltd.,Services,IND,IGIL.NS
253,IKS,Inventurus Knowledge Solutions Ltd.,Information Technology,IND,IKS.NS
254,IPCALAB,Ipca Laboratories Ltd.,Healthcare,IND,IPCALAB.NS
255,JBCHEPHARM,J.B. Chemicals & Pharmaceuticals Ltd.,Healthcare,IND,JBCHEPHARM.NS
256,JKCEMENT,J.K. Cement Ltd.,Construction Materials,IND,JKCEMENT.NS
257,JBMA,JBM Auto Ltd.,Automobile and Auto Components,IND,JBMA.NS
258,JKTYRE,JK Tyre & Industries Ltd.,Automobile and Auto Components,IND,JKTYRE.NS
259,JMFINANCIL,JM Financial Ltd.,Financial Services,IND,JMFINANCIL.NS
260,JSWCEMENT,JSW Cement Ltd.,Construction Materials,IND,JSWCEMENT.NS
261,JSWDULUX,JSW Dulux Ltd.,Consumer Durables,IND,JSWDULUX.NS
262,JSWENERGY,JSW Energy Ltd.,Power,IND,JSWENERGY.NS
263,JSWINFRA,JSW Infrastructure Ltd.,Services,IND,JSWINFRA.NS
264,JSWSTEEL,JSW Steel Ltd.,Metals & Mining,IND,JSWSTEEL.NS
265,JAINREC,Jain Resource Recycling Ltd.,Metals & Mining,IND,JAINREC.NS
266,JPPOWER,Jaiprakash Power Ventures Ltd.,Power,IND,JPPOWER.NS
267,J&KBANK,Jammu & Kashmir Bank Ltd.,Financial Services,IND,J&KBANK.NS
268,JINDALSAW,Jindal Saw Ltd.,Capital Goods,IND,JINDALSAW.NS
269,JSL,Jindal Stainless Ltd.,Metals & Mining,IND,JSL.NS
270,JINDALSTEL,Jindal Steel Ltd.,Metals & Mining,IND,JINDALSTEL.NS
271,JIOFIN,Jio Financial Services Ltd.,Financial Services,IND,JIOFIN.NS
272,JUBLFOOD,Jubilant Foodworks Ltd.,Consumer Services,IND,JUBLFOOD.NS
273,JUBLINGREA,Jubilant Ingrevia Ltd.,Chemicals,IND,JUBLINGREA.NS
274,JUBLPHARMA,Jubilant Pharmova Ltd.,Healthcare,IND,JUBLPHARMA.NS
275,JWL,Jupiter Wagons Ltd.,Capital Goods,IND,JWL.NS
276,JYOTICNC,Jyoti CNC Automation Ltd.,Capital Goods,IND,JYOTICNC.NS
277,KPRMILL,K.P.R. Mill Ltd.,Textiles,IND,KPRMILL.NS
278,KEI,KEI Industries Ltd.,Capital Goods,IND,KEI.NS
279,KPITTECH,KPIT Technologies Ltd.,Information Technology,IND,KPITTECH.NS
280,KAJARIACER,Kajaria Ceramics Ltd.,Consumer Durables,IND,KAJARIACER.NS
281,KPIL,Kalpataru Projects International Ltd.,Construction,IND,KPIL.NS
282,KALYANKJIL,Kalyan Jewellers India Ltd.,Consumer Durables,IND,KALYANKJIL.NS
283,KARURVYSYA,Karur Vysya Bank Ltd.,Financial Services,IND,KARURVYSYA.NS
284,KAYNES,Kaynes Technology India Ltd.,Capital Goods,IND,KAYNES.NS
285,KEC,Kec International Ltd.,Construction,IND,KEC.NS
286,KFINTECH,Kfin Technologies Ltd.,Financial Services,IND,KFINTECH.NS
287,KIRLOSENG,Kirloskar Oil Eng Ltd.,Capital Goods,IND,KIRLOSENG.NS
288,KOTAKBANK,Kotak Mahindra Bank Ltd.,Financial Services,IND,KOTAKBANK.NS
289,KIMS,Krishna Institute of Medical Sciences Ltd.,Healthcare,IND,KIMS.NS
290,LTF,L&T Finance Ltd.,Financial Services,IND,LTF.NS
291,LTTS,L&T Technology Services Ltd.,Information Technology,IND,LTTS.NS
292,LGEINDIA,LG Electronics India Ltd.,Consumer Durables,IND,LGEINDIA.NS
293,LICHSGFIN,LIC Housing Finance Ltd.,Financial Services,IND,LICHSGFIN.NS
294,LTFOODS,LT Foods Ltd.,Fast Moving Consumer Goods,IND,LTFOODS.NS
295,LTM,LTM Ltd.,Information Technology,IND,LTM.NS
296,LT,Larsen & Toubro Ltd.,Construction,IND,LT.NS
297,LATENTVIEW,Latent View Analytics Ltd.,Information Technology,IND,LATENTVIEW.NS
298,LAURUSLABS,Laurus Labs Ltd.,Healthcare,IND,LAURUSLABS.NS
299,THELEELA,Leela Palaces Hotels & Resorts Ltd.,Consumer Services,IND,THELEELA.NS
300,LEMONTREE,Lemon Tree Hotels Ltd.,Consumer Services,IND,LEMONTREE.NS
301,LENSKART,Lenskart Solutions Ltd.,Consumer Services,IND,LENSKART.NS
302,LICI,Life Insurance Corporation of India,Financial Services,IND,LICI.NS
303,LINDEINDIA,Linde India Ltd.,Chemicals,IND,LINDEINDIA.NS
304,LLOYDSME,Lloyds Metals And Energy Ltd.,Metals & Mining,IND,LLOYDSME.NS
305,LODHA,Lodha Developers Ltd.,Realty,IND,LODHA.NS
306,LUPIN,Lupin Ltd.,Healthcare,IND,LUPIN.NS
307,MMTC,MMTC Ltd.,Services,IND,MMTC.NS
308,MRF,MRF Ltd.,Automobile and Auto Components,IND,MRF.NS
309,MGL,Mahanagar Gas Ltd.,Oil Gas & Consumable Fuels,IND,MGL.NS
310,M&MFIN,Mahindra & Mahindra Financial Services Ltd.,Financial Services,IND,M&MFIN.NS
311,M&M,Mahindra & Mahindra Ltd.,Automobile and Auto Components,IND,M&M.NS
312,MANAPPURAM,Manappuram Finance Ltd.,Financial Services,IND,MANAPPURAM.NS
313,MRPL,Mangalore Refinery & Petrochemicals Ltd.,Oil Gas & Consumable Fuels,IND,MRPL.NS
314,MANKIND,Mankind Pharma Ltd.,Healthcare,IND,MANKIND.NS
315,MARICO,Marico Ltd.,Fast Moving Consumer Goods,IND,MARICO.NS
316,MARUTI,Maruti Suzuki India Ltd.,Automobile and Auto Components,IND,MARUTI.NS
317,MFSL,Max Financial Services Ltd.,Financial Services,IND,MFSL.NS
318,MAXHEALTH,Max Healthcare Institute Ltd.,Healthcare,IND,MAXHEALTH.NS
319,MAZDOCK,Mazagoan Dock Shipbuilders Ltd.,Capital Goods,IND,MAZDOCK.NS
320,MEESHO,Meesho Ltd.,Consumer Services,IND,MEESHO.NS
321,MINDACORP,Minda Corporation Ltd.,Automobile and Auto Components,IND,MINDACORP.NS
322,MSUMI,Motherson Sumi Wiring India Ltd.,Automobile and Auto Components,IND,MSUMI.NS
323,MOTILALOFS,Motilal Oswal Financial Services Ltd.,Financial Services,IND,MOTILALOFS.NS
324,MPHASIS,MphasiS Ltd.,Information Technology,IND,MPHASIS.NS
325,MCX,Multi Commodity Exchange of India Ltd.,Financial Services,IND,MCX.NS
326,MUTHOOTFIN,Muthoot Finance Ltd.,Financial Services,IND,MUTHOOTFIN.NS
327,NATCOPHARM,NATCO Pharma Ltd.,Healthcare,IND,NATCOPHARM.NS
328,NBCC,NBCC (India) Ltd.,Construction,IND,NBCC.NS
329,NCC,NCC Ltd.,Construction,IND,NCC.NS
330,NHPC,NHPC Ltd.,Power,IND,NHPC.NS
331,NLCINDIA,NLC India Ltd.,Power,IND,NLCINDIA.NS
332,NMDC,NMDC Ltd.,Metals & Mining,IND,NMDC.NS
333,NSLNISP,NMDC Steel Ltd.,Metals & Mining,IND,NSLNISP.NS
334,NTPCGREEN,NTPC Green Energy Ltd.,Power,IND,NTPCGREEN.NS
335,NTPC,NTPC Ltd.,Power,IND,NTPC.NS
336,NH,Narayana Hrudayalaya Ltd.,Healthcare,IND,NH.NS
337,NATIONALUM,National Aluminium Co. Ltd.,Metals & Mining,IND,NATIONALUM.NS
338,NAVA,Nava Ltd.,Power,IND,NAVA.NS
339,NAVINFLUOR,Navin Fluorine International Ltd.,Chemicals,IND,NAVINFLUOR.NS
340,NESTLEIND,Nestle India Ltd.,Fast Moving Consumer Goods,IND,NESTLEIND.NS
341,NETWEB,Netweb Technologies India Ltd.,Information Technology,IND,NETWEB.NS
342,NEULANDLAB,Neuland Laboratories Ltd.,Healthcare,IND,NEULANDLAB.NS
343,NEWGEN,Newgen Software Technologies Ltd.,Information Technology,IND,NEWGEN.NS
344,NAM-INDIA,Nippon Life India Asset Management Ltd.,Financial Services,IND,NAM-INDIA.NS
345,NIVABUPA,Niva Bupa Health Insurance Company Ltd.,Financial Services,IND,NIVABUPA.NS
346,NUVAMA,Nuvama Wealth Management Ltd.,Financial Services,IND,NUVAMA.NS
347,NUVOCO,Nuvoco Vistas Corporation Ltd.,Construction Materials,IND,NUVOCO.NS
348,OBEROIRLTY,Oberoi Realty Ltd.,Realty,IND,OBEROIRLTY.NS
349,ONGC,Oil & Natural Gas Corporation Ltd.,Oil Gas & Consumable Fuels,IND,ONGC.NS
350,OIL,Oil India Ltd.,Oil Gas & Consumable Fuels,IND,OIL.NS
351,OLAELEC,Ola Electric Mobility Ltd.,Automobile and Auto Components,IND,OLAELEC.NS
352,OLECTRA,Olectra Greentech Ltd.,Automobile and Auto Components,IND,OLECTRA.NS
353,PAYTM,One 97 Communications Ltd.,Financial Services,IND,PAYTM.NS
354,ONESOURCE,Onesource Specialty Pharma Ltd.,Healthcare,IND,ONESOURCE.NS
355,OFSS,Oracle Financial Services Software Ltd.,Information Technology,IND,OFSS.NS
356,POLICYBZR,PB Fintech Ltd.,Financial Services,IND,POLICYBZR.NS
357,PCBL,PCBL Chemical Ltd.,Chemicals,IND,PCBL.NS
358,PGEL,PG Electroplast Ltd.,Consumer Durables,IND,PGEL.NS
359,PIIND,PI Industries Ltd.,Chemicals,IND,PIIND.NS
360,PNBHOUSING,PNB Housing Finance Ltd.,Financial Services,IND,PNBHOUSING.NS
361,PTCIL,PTC Industries Ltd.,Capital Goods,IND,PTCIL.NS
362,PVRINOX,PVR INOX Ltd.,Media Entertainment & Publication,IND,PVRINOX.NS
363,PAGEIND,Page Industries Ltd.,Textiles,IND,PAGEIND.NS
364,PARADEEP,Paradeep Phosphates Ltd.,Chemicals,IND,PARADEEP.NS
365,PATANJALI,Patanjali Foods Ltd.,Fast Moving Consumer Goods,IND,PATANJALI.NS
366,PERSISTENT,Persistent Systems Ltd.,Information Technology,IND,PERSISTENT.NS
367,PETRONET,Petronet LNG Ltd.,Oil Gas & Consumable Fuels,IND,PETRONET.NS
368,PFIZER,Pfizer Ltd.,Healthcare,IND,PFIZER.NS
369,PHOENIXLTD,Phoenix Mills Ltd.,Realty,IND,PHOENIXLTD.NS
370,PWL,Physicswallah Ltd.,Consumer Services,IND,PWL.NS
371,PIDILITIND,Pidilite Industries Ltd.,Chemicals,IND,PIDILITIND.NS
372,PINELABS,Pine Labs Ltd.,Financial Services,IND,PINELABS.NS
373,PIRAMALFIN,Piramal Finance Ltd.,Financial Services,IND,PIRAMALFIN.NS
374,PPLPHARMA,Piramal Pharma Ltd.,Healthcare,IND,PPLPHARMA.NS
375,POLYMED,Poly Medicure Ltd.,Healthcare,IND,POLYMED.NS
376,POLYCAB,Polycab India Ltd.,Capital Goods,IND,POLYCAB.NS
377,POONAWALLA,Poonawalla Fincorp Ltd.,Financial Services,IND,POONAWALLA.NS
378,PFC,Power Finance Corporation Ltd.,Financial Services,IND,PFC.NS
379,POWERGRID,Power Grid Corporation of India Ltd.,Power,IND,POWERGRID.NS
380,PREMIERENE,Premier Energies Ltd.,Capital Goods,IND,PREMIERENE.NS
381,PRESTIGE,Prestige Estates Projects Ltd.,Realty,IND,PRESTIGE.NS
382,PNB,Punjab National Bank,Financial Services,IND,PNB.NS
383,RRKABEL,R R Kabel Ltd.,Capital Goods,IND,RRKABEL.NS
384,RBLBANK,RBL Bank Ltd.,Financial Services,IND,RBLBANK.NS
385,RECLTD,REC Ltd.,Financial Services,IND,RECLTD.NS
386,RHIM,RHI MAGNESITA INDIA LTD.,Capital Goods,IND,RHIM.NS
387,RITES,RITES Ltd.,Construction,IND,RITES.NS
388,RADICO,Radico Khaitan Ltd,Fast Moving Consumer Goods,IND,RADICO.NS
389,RVNL,Rail Vikas Nigam Ltd.,Construction,IND,RVNL.NS
390,RAILTEL,Railtel Corporation Of India Ltd.,Telecommunication,IND,RAILTEL.NS
391,RAINBOW,Rainbow Childrens Medicare Ltd.,Healthcare,IND,RAINBOW.NS
392,RKFORGE,Ramkrishna Forgings Ltd.,Automobile and Auto Components,IND,RKFORGE.NS
393,REDINGTON,Redington Ltd.,Services,IND,REDINGTON.NS
394,RELIANCE,Reliance Industries Ltd.,Oil Gas & Consumable Fuels,IND,RELIANCE.NS
395,RPOWER,Reliance Power Ltd.,Power,IND,RPOWER.NS
396,SBFC,SBFC Finance Ltd.,Financial Services,IND,SBFC.NS
397,SBICARD,SBI Cards and Payment Services Ltd.,Financial Services,IND,SBICARD.NS
398,SBILIFE,SBI Life Insurance Company Ltd.,Financial Services,IND,SBILIFE.NS
399,SJVN,SJVN Ltd.,Power,IND,SJVN.NS
400,SRF,SRF Ltd.,Chemicals,IND,SRF.NS
401,SAGILITY,Sagility Ltd.,Information Technology,IND,SAGILITY.NS
402,SAILIFE,Sai Life Sciences Ltd.,Healthcare,IND,SAILIFE.NS
403,SAMMAANCAP,Sammaan Capital Ltd.,Financial Services,IND,SAMMAANCAP.NS
404,MOTHERSON,Samvardhana Motherson International Ltd.,Automobile and Auto Components,IND,MOTHERSON.NS
405,SAPPHIRE,Sapphire Foods India Ltd.,Consumer Services,IND,SAPPHIRE.NS
406,SARDAEN,Sarda Energy and Minerals Ltd.,Metals & Mining,IND,SARDAEN.NS
407,SAREGAMA,Saregama India Ltd,Media Entertainment & Publication,IND,SAREGAMA.NS
408,SCHAEFFLER,Schaeffler India Ltd.,Automobile and Auto Components,IND,SCHAEFFLER.NS
409,SCHNEIDER,Schneider Electric Infrastructure Ltd.,Capital Goods,IND,SCHNEIDER.NS
410,SCI,Shipping Corporation of India Ltd.,Services,IND,SCI.NS
411,SHREECEM,Shree Cement Ltd.,Construction Materials,IND,SHREECEM.NS
412,SHRIRAMFIN,Shriram Finance Ltd.,Financial Services,IND,SHRIRAMFIN.NS
413,SHYAMMETL,Shyam Metalics and Energy Ltd.,Capital Goods,IND,SHYAMMETL.NS
414,ENRIN,Siemens Energy India Ltd.,Capital Goods,IND,ENRIN.NS
415,SIEMENS,Siemens Ltd.,Capital Goods,IND,SIEMENS.NS
416,SIGNATURE,Signatureglobal (India) Ltd.,Realty,IND,SIGNATURE.NS
417,SOBHA,Sobha Ltd.,Realty,IND,SOBHA.NS
418,SOLARINDS,Solar Industries India Ltd.,Chemicals,IND,SOLARINDS.NS
419,SONACOMS,Sona BLW Precision Forgings Ltd.,Automobile and Auto Components,IND,SONACOMS.NS
420,SONATSOFTW,Sonata Software Ltd.,Information Technology,IND,SONATSOFTW.NS
421,STARHEALTH,Star Health and Allied Insurance Company Ltd.,Financial Services,IND,STARHEALTH.NS
422,SBIN,State Bank of India,Financial Services,IND,SBIN.NS
423,SAIL,Steel Authority of India Ltd.,Metals & Mining,IND,SAIL.NS
424,SUMICHEM,Sumitomo Chemical India Ltd.,Chemicals,IND,SUMICHEM.NS
425,SUNPHARMA,Sun Pharmaceutical Industries Ltd.,Healthcare,IND,SUNPHARMA.NS
426,SUNTV,Sun TV Network Ltd.,Media Entertainment & Publication,IND,SUNTV.NS
427,SUNDARMFIN,Sundaram Finance Ltd.,Financial Services,IND,SUNDARMFIN.NS
428,SUPREMEIND,Supreme Industries Ltd.,Capital Goods,IND,SUPREMEIND.NS
429,SPLPETRO,Supreme Petrochem Ltd.,Chemicals,IND,SPLPETRO.NS
430,SUZLON,Suzlon Energy Ltd.,Capital Goods,IND,SUZLON.NS
431,SWANCORP,Swan Corp Ltd.,Chemicals,IND,SWANCORP.NS
432,SWIGGY,Swiggy Ltd.,Consumer Services,IND,SWIGGY.NS
433,SYNGENE,Syngene International Ltd.,Healthcare,IND,SYNGENE.NS
434,SYRMA,Syrma SGS Technology Ltd.,Capital Goods,IND,SYRMA.NS
435,TBOTEK,TBO Tek Ltd.,Consumer Services,IND,TBOTEK.NS
436,TVSMOTOR,TVS Motor Company Ltd.,Automobile and Auto Components,IND,TVSMOTOR.NS
437,TATACAP,Tata Capital Ltd.,Financial Services,IND,TATACAP.NS
438,TATACHEM,Tata Chemicals Ltd.,Chemicals,IND,TATACHEM.NS
439,TATACOMM,Tata Communications Ltd.,Telecommunication,IND,TATACOMM.NS
440,TCS,Tata Consultancy Services Ltd.,Information Technology,IND,TCS.NS
441,TATACONSUM,Tata Consumer Products Ltd.,Fast Moving Consumer Goods,IND,TATACONSUM.NS
442,TATAELXSI,Tata Elxsi Ltd.,Information Technology,IND,TATAELXSI.NS
443,TATAINVEST,Tata Investment Corporation Ltd.,Financial Services,IND,TATAINVEST.NS
444,TMCV,Tata Motors Ltd.,Capital Goods,IND,TMCV.NS
445,TMPV,Tata Motors Passenger Vehicles Ltd.,Automobile and Auto Components,IND,TMPV.NS
446,TATAPOWER,Tata Power Co. Ltd.,Power,IND,TATAPOWER.NS
447,TATASTEEL,Tata Steel Ltd.,Metals & Mining,IND,TATASTEEL.NS
448,TATATECH,Tata Technologies Ltd.,Information Technology,IND,TATATECH.NS
449,TTML,Tata Teleservices (Maharashtra) Ltd.,Telecommunication,IND,TTML.NS
450,TECHM,Tech Mahindra Ltd.,Information Technology,IND,TECHM.NS
451,TECHNOE,Techno Electric & Engineering Company Ltd.,Construction,IND,TECHNOE.NS
452,TEGA,Tega Industries Ltd.,Capital Goods,IND,TEGA.NS
453,TEJASNET,Tejas Networks Ltd.,Telecommunication,IND,TEJASNET.NS
454,TENNIND,Tenneco Clean Air India Ltd.,Automobile and Auto Components,IND,TENNIND.NS
455,NIACL,The New India Assurance Company Ltd.,Financial Services,IND,NIACL.NS
456,RAMCOCEM,The Ramco Cements Ltd.,Construction Materials,IND,RAMCOCEM.NS
457,THERMAX,Thermax Ltd.,Capital Goods,IND,THERMAX.NS
458,TIMKEN,Timken India Ltd.,Capital Goods,IND,TIMKEN.NS
459,TITAGARH,Titagarh Rail Systems Ltd.,Capital Goods,IND,TITAGARH.NS
460,TITAN,Titan Company Ltd.,Consumer Durables,IND,TITAN.NS
461,TORNTPHARM,Torrent Pharmaceuticals Ltd.,Healthcare,IND,TORNTPHARM.NS
462,TORNTPOWER,Torrent Power Ltd.,Power,IND,TORNTPOWER.NS
463,TARIL,Transformers And Rectifiers (India) Ltd.,Capital Goods,IND,TARIL.NS
464,TRAVELFOOD,Travel Food Services Ltd.,Consumer Services,IND,TRAVELFOOD.NS
465,TRENT,Trent Ltd.,Consumer Services,IND,TRENT.NS
466,TRIDENT,Trident Ltd.,Textiles,IND,TRIDENT.NS
467,TRITURBINE,Triveni Turbine Ltd.,Capital Goods,IND,TRITURBINE.NS
468,TIINDIA,Tube Investments of India Ltd.,Automobile and Auto Components,IND,TIINDIA.NS
469,UCOBANK,UCO Bank,Financial Services,IND,UCOBANK.NS
470,UNOMINDA,UNO Minda Ltd.,Automobile and Auto Components,IND,UNOMINDA.NS
471,UPL,UPL Ltd.,Chemicals,IND,UPL.NS
472,UTIAMC,UTI Asset Management Company Ltd.,Financial Services,IND,UTIAMC.NS
473,ULTRACEMCO,UltraTech Cement Ltd.,Construction Materials,IND,ULTRACEMCO.NS
474,UNIONBANK,Union Bank of India,Financial Services,IND,UNIONBANK.NS
475,UBL,United Breweries Ltd.,Fast Moving Consumer Goods,IND,UBL.NS
476,UNITDSPR,United Spirits Ltd.,Fast Moving Consumer Goods,IND,UNITDSPR.NS
477,URBANCO,Urban Company Ltd.,Consumer Services,IND,URBANCO.NS
478,USHAMART,Usha Martin Ltd.,Capital Goods,IND,USHAMART.NS
479,VTL,Vardhman Textiles Ltd.,Textiles,IND,VTL.NS
480,VBL,Varun Beverages Ltd.,Fast Moving Consumer Goods,IND,VBL.NS
481,VAML,Vedanta Aluminium Metal Ltd.,Metals & Mining,IND,VAML.NS
482,VISL,Vedanta Iron and Steel Ltd.,Metals & Mining,IND,VISL.NS
483,VEDL,Vedanta Ltd.,Metals & Mining,IND,VEDL.NS
484,VOGL,Vedanta Oil and Gas Ltd.,Oil Gas & Consumable Fuels,IND,VOGL.NS
485,VEDPOWER,Vedanta Power Ltd.,Power,IND,VEDPOWER.NS
486,VIJAYA,Vijaya Diagnostic Centre Ltd.,Healthcare,IND,VIJAYA.NS
487,VMM,Vishal Mega Mart Ltd.,Consumer Services,IND,VMM.NS
488,IDEA,Vodafone Idea Ltd.,Telecommunication,IND,IDEA.NS
489,VOLTAS,Voltas Ltd.,Consumer Durables,IND,VOLTAS.NS
490,WAAREEENER,Waaree Energies Ltd.,Capital Goods,IND,WAAREEENER.NS
491,WELCORP,Welspun Corp Ltd.,Capital Goods,IND,WELCORP.NS
492,WELSPUNLIV,Welspun Living Ltd.,Textiles,IND,WELSPUNLIV.NS
493,WHIRLPOOL,Whirlpool of India Ltd.,Consumer Durables,IND,WHIRLPOOL.NS
494,WIPRO,Wipro Ltd.,Information Technology,IND,WIPRO.NS
495,WOCKPHARMA,Wockhardt Ltd.,Healthcare,IND,WOCKPHARMA.NS
496,YESBANK,Yes Bank Ltd.,Financial Services,IND,YESBANK.NS
497,ZFCVINDIA,ZF Commercial Vehicle Control Systems India Ltd.,Automobile and Auto Components,IND,ZFCVINDIA.NS
498,ZEEL,Zee Entertainment Enterprises Ltd.,Media Entertainment & Publication,IND,ZEEL.NS
499,ZENTEC,Zen Technologies Ltd.,Capital Goods,IND,ZENTEC.NS
500,ZENSARTECH,Zensar Technolgies Ltd.,Information Technology,IND,ZENSARTECH.NS
501,ZYDUSLIFE,Zydus Lifesciences Ltd.,Healthcare,IND,ZYDUSLIFE.NS
502,ZYDUSWELL,Zydus Wellness Ltd.,Fast Moving Consumer Goods,IND,ZYDUSWELL.NS
503,ECLERX,eClerx Services Ltd.,Services,IND,ECLERX.NS
504,ASKAUTOLTD,ASK Automotive Ltd.,Automobile and Auto Components,IND,ASKAUTOLTD.NS
505,AXISCADES,AXISCADES Technologies Ltd.,Capital Goods,IND,AXISCADES.NS
506,AARTIDRUGS,Aarti Drugs Ltd.,Healthcare,IND,AARTIDRUGS.NS
507,AARTIPHARM,Aarti Pharmalabs Ltd.,Healthcare,IND,AARTIPHARM.NS
508,AVL,Aditya Vision Ltd.,Consumer Services,IND,AVL.NS
509,ADVENZYMES,Advanced Enzyme Tech Ltd.,Healthcare,IND,ADVENZYMES.NS
510,AEQUS,Aequs Ltd.,Capital Goods,IND,AEQUS.NS
511,AETHER,Aether Industries Ltd.,Chemicals,IND,AETHER.NS
512,AHLUCONT,Ahluwalia Contracts (India) Ltd.,Construction,IND,AHLUCONT.NS
513,AKUMS,Akums Drugs and Pharmaceuticals Ltd.,Healthcare,IND,AKUMS.NS
514,APLLTD,Alembic Pharmaceuticals Ltd.,Healthcare,IND,APLLTD.NS
515,ALIVUS,Alivus Life Sciences Ltd.,Healthcare,IND,ALIVUS.NS
516,ALKYLAMINE,Alkyl Amines Chemicals Ltd.,Chemicals,IND,ALKYLAMINE.NS
517,ALOKINDS,Alok Industries Ltd.,Textiles,IND,ALOKINDS.NS
518,APOLLO,Apollo Micro Systems Ltd.,Capital Goods,IND,APOLLO.NS
519,ACI,Archean Chemical Industries Ltd.,Chemicals,IND,ACI.NS
520,ARVINDFASN,Arvind Fashions Ltd.,Consumer Services,IND,ARVINDFASN.NS
521,ARVIND,Arvind Ltd.,Textiles,IND,ARVIND.NS
522,ASHAPURMIN,Ashapura Minechem Ltd.,Metals & Mining,IND,ASHAPURMIN.NS
523,ASHOKA,Ashoka Buildcon Ltd.,Construction,IND,ASHOKA.NS
524,ASTRAMICRO,Astra Microwave Products Ltd.,Capital Goods,IND,ASTRAMICRO.NS
525,ASTRAZEN,AstraZenca Pharma India Ltd.,Healthcare,IND,ASTRAZEN.NS
526,ATLANTAELE,Atlanta Electricals Ltd.,Capital Goods,IND,ATLANTAELE.NS
527,AURIONPRO,Aurionpro Solution Ltd.,Information Technology,IND,AURIONPRO.NS
528,AVALON,Avalon Technologies Ltd.,Capital Goods,IND,AVALON.NS
529,AVANTIFEED,Avanti Feeds Ltd.,Fast Moving Consumer Goods,IND,AVANTIFEED.NS
530,CCAVENUE,AvenuesAI Ltd.,Financial Services,IND,CCAVENUE.NS
531,AWFIS,Awfis Space Solutions Ltd.,Services,IND,AWFIS.NS
532,AZAD,Azad Engineering Ltd.,Capital Goods,IND,AZAD.NS
533,BAJAJELEC,Bajaj Electricals Ltd,Consumer Durables,IND,BAJAJELEC.NS
534,BALAMINES,Balaji Amines Ltd.,Chemicals,IND,BALAMINES.NS
535,BALUFORGE,Balu Forge Industries Ltd.,Capital Goods,IND,BALUFORGE.NS
536,BANCOINDIA,Banco Products (India) Ltd.,Automobile and Auto Components,IND,BANCOINDIA.NS
537,BIRLACORPN,Birla Corporation Ltd.,Construction Materials,IND,BIRLACORPN.NS
538,BBOX,Black Box Ltd.,Information Technology,IND,BBOX.NS
539,BLACKBUCK,Blackbuck Ltd.,Services,IND,BLACKBUCK.NS
540,BLUESTONE,BlueStone Jewellery and Lifestyle Ltd.,Consumer Durables,IND,BLUESTONE.NS
541,BORORENEW,Borosil Renewables Ltd.,Capital Goods,IND,BORORENEW.NS
542,CMSINFO,CMS Info Systems Ltd.,Services,IND,CMSINFO.NS
543,CSBBANK,CSB Bank Ltd.,Financial Services,IND,CSBBANK.NS
544,CAMPUS,Campus Activewear Ltd.,Consumer Durables,IND,CAMPUS.NS
545,CRAMC,Canara Robeco Asset Management Company Ltd.,Financial Services,IND,CRAMC.NS
546,CAPILLARY,Capillary Technologies India Ltd.,Information Technology,IND,CAPILLARY.NS
547,CELLO,Cello World Ltd.,Consumer Durables,IND,CELLO.NS
548,CENTURYPLY,Century Plyboards (India) Ltd.,Consumer Durables,IND,CENTURYPLY.NS
549,CERA,Cera Sanitaryware Ltd,Consumer Durables,IND,CERA.NS
550,CUPID,Cupid Ltd.,Fast Moving Consumer Goods,IND,CUPID.NS
551,DCBBANK,DCB Bank Ltd.,Financial Services,IND,DCBBANK.NS
552,DATAMATICS,Datamatics Global Services Ltd.,Information Technology,IND,DATAMATICS.NS
553,DIACABS,Diamond Power Infrastructure Ltd.,Capital Goods,IND,DIACABS.NS
554,DBL,Dilip Buildcon Ltd.,Construction,IND,DBL.NS
555,AGARWALEYE,Dr. Agarwal's Health Care Ltd.,Healthcare,IND,AGARWALEYE.NS
556,DYNAMATECH,Dynamatic Technologies Ltd.,Capital Goods,IND,DYNAMATECH.NS
557,EPL,EPL Ltd.,Capital Goods,IND,EPL.NS
558,EDELWEISS,Edelweiss Financial Services Ltd.,Financial Services,IND,EDELWEISS.NS
559,EMIL,Electronics Mart India Ltd.,Consumer Services,IND,EMIL.NS
560,ELECTCAST,Electrosteel Castings Ltd.,Capital Goods,IND,ELECTCAST.NS
561,ELLEN,Ellenbarrie Industrial Gases Ltd.,Chemicals,IND,ELLEN.NS
562,EMBDL,Embassy Developments Ltd.,Realty,IND,EMBDL.NS
563,ENTERO,Entero Healthcare Solutions Ltd.,Consumer Services,IND,ENTERO.NS
564,EQUITASBNK,Equitas Small Finance Bank Ltd.,Financial Services,IND,EQUITASBNK.NS
565,ETHOSLTD,Ethos Ltd.,Consumer Durables,IND,ETHOSLTD.NS
566,EUREKAFORB,Eureka Forbes Ltd.,Consumer Durables,IND,EUREKAFORB.NS
567,FEDFINA,Fedbank Financial Services Ltd.,Financial Services,IND,FEDFINA.NS
568,FIEMIND,Fiem Industries Ltd,Automobile and Auto Components,IND,FIEMIND.NS
569,FINPIPE,Finolex Industries Ltd.,Capital Goods,IND,FINPIPE.NS
570,UTLSOLAR,Fujiyama Power Systems Ltd.,Capital Goods,IND,UTLSOLAR.NS
571,GHCL,GHCL Ltd.,Chemicals,IND,GHCL.NS
572,GMMPFAUDLR,GMM Pfaudler Ltd.,Capital Goods,IND,GMMPFAUDLR.NS
573,GMRP&UI,GMR Power and Urban Infra Ltd.,Power,IND,GMRP&UI.NS
574,GRWRHITECH,Garware Hi-Tech Films Ltd.,Capital Goods,IND,GRWRHITECH.NS
575,GODREJAGRO,Godrej Agrovet Ltd.,Fast Moving Consumer Goods,IND,GODREJAGRO.NS
576,GOKEX,Gokaldas Exports Ltd.,Textiles,IND,GOKEX.NS
577,GOKULAGRO,Gokul Agro Resources Ltd.,Fast Moving Consumer Goods,IND,GOKULAGRO.NS
578,GREAVESCOT,Greaves Cotton Ltd.,Capital Goods,IND,GREAVESCOT.NS
579,GAEL,Gujarat Ambuja Exports Ltd.,Fast Moving Consumer Goods,IND,GAEL.NS
580,GUJGASLTD,Gujarat Gas Ltd.,Oil Gas & Consumable Fuels,IND,GUJGASLTD.NS
581,GNFC,Gujarat Narmada Valley Fertilizers and Chemicals Ltd.,Chemicals,IND,GNFC.NS
582,GPPL,Gujarat Pipavav Port Ltd.,Services,IND,GPPL.NS
583,GSFC,Gujarat State Fertilizers & Chemicals Ltd.,Chemicals,IND,GSFC.NS
584,HGINFRA,H.G. Infra Engineering Ltd.,Construction,IND,HGINFRA.NS
585,HAPPSTMNDS,Happiest Minds Technologies Ltd.,Information Technology,IND,HAPPSTMNDS.NS
586,HATSUN,Hatsun Agro Product Ltd.,Fast Moving Consumer Goods,IND,HATSUN.NS
587,HCG,Healthcare Global Enterprises Ltd.,Healthcare,IND,HCG.NS
588,HEMIPROP,Hemisphere Properties India Ltd.,Services,IND,HEMIPROP.NS
589,HERITGFOOD,Heritage Foods Ltd.,Fast Moving Consumer Goods,IND,HERITGFOOD.NS
590,HCC,Hindustan Construction Co. Ltd.,Construction,IND,HCC.NS
591,IFBIND,IFB Industries Ltd.,Consumer Durables,IND,IFBIND.NS
592,IIFLCAPS,IIFL Capital Services Ltd.,Financial Services,IND,IIFLCAPS.NS
593,INOXINDIA,INOX India Ltd.,Capital Goods,IND,INOXINDIA.NS
594,INDIAGLYCO,India Glycols Ltd.,Fast Moving Consumer Goods,IND,INDIAGLYCO.NS
595,INDIASHLTR,India Shelter Finance Corporation Ltd.,Financial Services,IND,INDIASHLTR.NS
596,IMFA,Indian Metals & Ferro Alloys Ltd.,Metals & Mining,IND,IMFA.NS
597,INDIGOPNTS,Indigo Paints Ltd.,Consumer Durables,IND,INDIGOPNTS.NS
598,ICIL,Indo Count Industries Ltd.,Textiles,IND,ICIL.NS
599,INOXGREEN,Inox Green Energy Services Ltd.,Services,IND,INOXGREEN.NS
600,IONEXCHANG,Ion Exchange (India) Ltd.,Utilities,IND,IONEXCHANG.NS
601,JKLAKSHMI,JK Lakshmi Cement Ltd.,Construction Materials,IND,JKLAKSHMI.NS
602,JKPAPER,JK Paper Ltd.,Forest Materials,IND,JKPAPER.NS
603,JSWHL,JSW Holdings Ltd.,Financial Services,IND,JSWHL.NS
604,JAIBALAJI,Jai Balaji Industries Ltd.,Metals & Mining,IND,JAIBALAJI.NS
605,JAMNAAUTO,Jamna Auto Industries Ltd.,Automobile and Auto Components,IND,JAMNAAUTO.NS
606,JSFB,Jana Small Finance Bank Ltd.,Financial Services,IND,JSFB.NS
607,JAYNECOIND,Jayaswal Neco Industries Ltd.,Capital Goods,IND,JAYNECOIND.NS
608,JSLL,Jeena Sikho Lifecare Ltd.,Consumer Services,IND,JSLL.NS
609,JLHL,Jupiter Life Line Hospitals Ltd.,Healthcare,IND,JLHL.NS
610,JUSTDIAL,Justdial Ltd.,Consumer Services,IND,JUSTDIAL.NS
611,JYOTHYLAB,Jyothy Labs Ltd.,Fast Moving Consumer Goods,IND,JYOTHYLAB.NS
612,KNRCON,KNR Constructions Ltd.,Construction,IND,KNRCON.NS
613,KPIGREEN,KPI Green Energy Ltd.,Power,IND,KPIGREEN.NS
614,KRBL,KRBL Ltd.,Fast Moving Consumer Goods,IND,KRBL.NS
615,KRN,KRN Heat Exchanger and Refrigeration Ltd.,Capital Goods,IND,KRN.NS
616,KSB,KSB Ltd.,Capital Goods,IND,KSB.NS
617,KANSAINER,Kansai Nerolac Paints Ltd.,Consumer Durables,IND,KANSAINER.NS
618,KTKBANK,Karnataka Bank Ltd.,Financial Services,IND,KTKBANK.NS
619,KSCL,Kaveri Seed Company Ltd.,Fast Moving Consumer Goods,IND,KSCL.NS
620,KIRLOSBROS,Kirloskar Brothers Ltd.,Capital Goods,IND,KIRLOSBROS.NS
621,KIRLPNU,Kirloskar Pneumatic Company Ltd.,Capital Goods,IND,KIRLPNU.NS
622,LXCHEM,Laxmi Organic Industries Ltd.,Chemicals,IND,LXCHEM.NS
623,IXIGO,Le Travenues Technology Ltd.,Consumer Services,IND,IXIGO.NS
624,LLOYDSENGG,Lloyds Engineering Works Ltd.,Capital Goods,IND,LLOYDSENGG.NS
625,LLOYDSENT,Lloyds Enterprises Ltd.,Metals & Mining,IND,LLOYDSENT.NS
626,LUMAXTECH,Lumax Auto Technologies Ltd.,Automobile and Auto Components,IND,LUMAXTECH.NS
627,MOIL,MOIL Ltd.,Metals & Mining,IND,MOIL.NS
628,MSTCLTD,MSTC Ltd.,Services,IND,MSTCLTD.NS
629,MTARTECH,MTAR Technologies Ltd.,Capital Goods,IND,MTARTECH.NS
630,MAHSCOOTER,Maharashtra Scooters Ltd.,Financial Services,IND,MAHSCOOTER.NS
631,MAHSEAMLES,Maharashtra Seamless Ltd.,Capital Goods,IND,MAHSEAMLES.NS
632,MANORAMA,Manorama Industries Ltd.,Fast Moving Consumer Goods,IND,MANORAMA.NS
633,MARKSANS,Marksans Pharma Ltd.,Healthcare,IND,MARKSANS.NS
634,MASTEK,Mastek Ltd.,Information Technology,IND,MASTEK.NS
635,MEDPLUS,Medplus Health Services Ltd.,Consumer Services,IND,MEDPLUS.NS
636,METROBRAND,Metro Brands Ltd.,Consumer Durables,IND,METROBRAND.NS
637,METROPOLIS,Metropolis Healthcare Ltd.,Healthcare,IND,METROPOLIS.NS
638,MIDHANI,Mishra Dhatu Nigam Ltd.,Capital Goods,IND,MIDHANI.NS
639,BECTORFOOD,Mrs. Bectors Food Specialities Ltd.,Fast Moving Consumer Goods,IND,BECTORFOOD.NS
640,NEOGEN,NEOGEN CHEMICALS LTD.,Chemicals,IND,NEOGEN.NS
641,NESCO,NESCO Ltd.,Services,IND,NESCO.NS
642,NFL,National Fertilizers Ltd.,Chemicals,IND,NFL.NS
643,NAZARA,Nazara Technologies Ltd.,Media Entertainment & Publication,IND,NAZARA.NS
644,NETWORK18,Network18 Media & Investments Ltd.,Media Entertainment & Publication,IND,NETWORK18.NS
645,OPTIEMUS,Optiemus Infracom Ltd.,Telecommunication,IND,OPTIEMUS.NS
646,ORIENTCEM,Orient Cement Ltd.,Construction Materials,IND,ORIENTCEM.NS
647,ORKLAINDIA,Orkla India Ltd.,Fast Moving Consumer Goods,IND,ORKLAINDIA.NS
648,OSWALPUMPS,Oswal Pumps Ltd.,Capital Goods,IND,OSWALPUMPS.NS
649,PNGJL,P N Gadgil Jewellers Ltd.,Consumer Durables,IND,PNGJL.NS
650,PCJEWELLER,PC Jeweller Ltd.,Consumer Durables,IND,PCJEWELLER.NS
651,PNCINFRA,PNC Infratech Ltd.,Construction,IND,PNCINFRA.NS
652,PTC,PTC India Ltd.,Power,IND,PTC.NS
653,PARAS,Paras Defence and Space Technologies Ltd.,Capital Goods,IND,PARAS.NS
654,PGIL,Pearl Global Industries Ltd.,Textiles,IND,PGIL.NS
655,PICCADIL,Piccadily Agro Industries Ltd.,Fast Moving Consumer Goods,IND,PICCADIL.NS
656,POWERMECH,Power Mech Projects Ltd.,Construction,IND,POWERMECH.NS
657,PRAJIND,Praj Industries Ltd.,Capital Goods,IND,PRAJIND.NS
658,PRICOLLTD,Pricol Ltd.,Automobile and Auto Components,IND,PRICOLLTD.NS
659,PFOCUS,Prime Focus Ltd.,Media Entertainment & Publication,IND,PFOCUS.NS
660,PRSMJOHNSN,Prism Johnson Ltd.,Construction Materials,IND,PRSMJOHNSN.NS
661,PRIVISCL,Privi Speciality Chemicals Ltd.,Chemicals,IND,PRIVISCL.NS
662,PGHH,Procter & Gamble Hygiene & Health Care Ltd.,Fast Moving Consumer Goods,IND,PGHH.NS
663,PRUDENT,Prudent Corporate Advisory Services Ltd.,Financial Services,IND,PRUDENT.NS
664,PURVA,Puravankara Ltd.,Realty,IND,PURVA.NS
665,QPOWER,Quality Power Electrical Equipments Ltd.,Capital Goods,IND,QPOWER.NS
666,QUESS,Quess Corp Ltd.,Services,IND,QUESS.NS
667,RSYSTEMS,R Systems International Ltd.,Information Technology,IND,RSYSTEMS.NS
668,RAIN,Rain Industries Ltd,Chemicals,IND,RAIN.NS
669,RALLIS,Rallis India Ltd.,Chemicals,IND,RALLIS.NS
670,RCF,Rashtriya Chemicals & Fertilizers Ltd.,Chemicals,IND,RCF.NS
671,RATEGAIN,Rategain Travel Technologies Ltd.,Information Technology,IND,RATEGAIN.NS
672,RTNINDIA,RattanIndia Enterprises Ltd.,Consumer Services,IND,RTNINDIA.NS
673,RTNPOWER,RattanIndia Power Ltd.,Power,IND,RTNPOWER.NS
674,RAYMONDLSL,Raymond Lifestyle Ltd.,Textiles,IND,RAYMONDLSL.NS
675,RAYMOND,Raymond Ltd.,Capital Goods,IND,RAYMOND.NS
676,RAYMONDREL,Raymond Realty Ltd.,Realty,IND,RAYMONDREL.NS
677,REDTAPE,Redtape Ltd.,Consumer Durables,IND,REDTAPE.NS
678,REFEX,Refex Industries Ltd.,Utilities,IND,REFEX.NS
679,RELAXO,Relaxo Footwears Ltd.,Consumer Durables,IND,RELAXO.NS
680,RELIGARE,Religare Enterprises Ltd.,Financial Services,IND,RELIGARE.NS
681,RBA,Restaurant Brands Asia Ltd.,Consumer Services,IND,RBA.NS
682,ROUTE,Route Mobile Ltd.,Telecommunication,IND,ROUTE.NS
683,RUBICON,Rubicon Research Ltd.,Healthcare,IND,RUBICON.NS
684,SKFINDUS,SKF India (Industrial) Ltd.,Capital Goods,IND,SKFINDUS.NS
685,SKFINDIA,SKF India Ltd.,Automobile and Auto Components,IND,SKFINDIA.NS
686,SAATVIKGL,Saatvik Green Energy Ltd.,Capital Goods,IND,SAATVIKGL.NS
687,SAFARI,Safari Industries (India) Ltd.,Consumer Durables,IND,SAFARI.NS
688,SAMHI,Samhi Hotels Ltd.,Consumer Services,IND,SAMHI.NS
689,SANDUMA,Sandur Manganese & Iron Ores Ltd.,Metals & Mining,IND,SANDUMA.NS
690,SANSERA,Sansera Engineering Ltd.,Automobile and Auto Components,IND,SANSERA.NS
691,SENCO,Senco Gold Ltd.,Consumer Durables,IND,SENCO.NS
692,SHAILY,Shaily Engineering Plastics Ltd.,Consumer Durables,IND,SHAILY.NS
693,SHAKTIPUMP,Shakti Pumps (India) Ltd.,Capital Goods,IND,SHAKTIPUMP.NS
694,SHARDACROP,Sharda Cropchem Ltd.,Chemicals,IND,SHARDACROP.NS
695,SFL,Sheela Foam Ltd.,Consumer Durables,IND,SFL.NS
696,SHILPAMED,Shilpa Medicare Ltd.,Healthcare,IND,SHILPAMED.NS
697,RENUKA,Shree Renuka Sugars Ltd.,Fast Moving Consumer Goods,IND,RENUKA.NS
698,SHRIPISTON,Shriram Pistons & Rings Ltd.,Automobile and Auto Components,IND,SHRIPISTON.NS
699,SKIPPER,Skipper Ltd.,Capital Goods,IND,SKIPPER.NS
700,SMARTWORKS,Smartworks Coworking Spaces Ltd.,Services,IND,SMARTWORKS.NS
701,SOUTHBANK,South Indian Bank Ltd.,Financial Services,IND,SOUTHBANK.NS
702,LOTUSDEV,Sri Lotus Developers and Realty Ltd.,Realty,IND,LOTUSDEV.NS
703,STARCEMENT,Star Cement Ltd.,Construction Materials,IND,STARCEMENT.NS
704,SWSOLAR,Sterling and Wilson Renewable Energy Ltd.,Construction,IND,SWSOLAR.NS
705,STLTECH,Sterlite Technologies Ltd.,Telecommunication,IND,STLTECH.NS
706,STAR,Strides Pharma Science Ltd.,Healthcare,IND,STAR.NS
707,STYRENIX,Styrenix Performance Materials Ltd.,Chemicals,IND,STYRENIX.NS
708,SUBROS,Subros Ltd.,Capital Goods,IND,SUBROS.NS
709,SUDARSCHEM,Sudarshan Chemical Industries Ltd.,Chemicals,IND,SUDARSCHEM.NS
710,SUDEEPPHRM,Sudeep Pharma Ltd.,Chemicals,IND,SUDEEPPHRM.NS
711,SPARC,Sun Pharma Advanced Research Company Ltd.,Healthcare,IND,SPARC.NS
712,SUNDRMFAST,Sundram Fasteners Ltd.,Automobile and Auto Components,IND,SUNDRMFAST.NS
713,SUNTECK,Sunteck Realty Ltd.,Realty,IND,SUNTECK.NS
714,SUPRIYA,Supriya Lifescience Ltd.,Healthcare,IND,SUPRIYA.NS
715,SURYAROSNI,Surya Roshni Ltd.,Capital Goods,IND,SURYAROSNI.NS
716,TARC,TARC Ltd.,Realty,IND,TARC.NS
717,TDPOWERSYS,TD Power Systems Ltd.,Capital Goods,IND,TDPOWERSYS.NS
718,TSFINV,TSF Investments Ltd.,Financial Services,IND,TSFINV.NS
719,TVSHLTD,TVS Holdings Ltd.,Financial Services,IND,TVSHLTD.NS
720,TVSSCS,TVS Supply Chain Solutions Ltd.,Services,IND,TVSSCS.NS
721,TMB,Tamilnad Mercantile Bank Ltd.,Financial Services,IND,TMB.NS
722,TANLA,Tanla Platforms Ltd.,Information Technology,IND,TANLA.NS
723,TEXRAIL,Texmaco Rail & Eng. Ltd.,Capital Goods,IND,TEXRAIL.NS
724,THANGAMAYL,Thangamayil Jewellery Ltd.,Consumer Durables,IND,THANGAMAYL.NS
725,ANUP,The Anup Engineering Ltd.,Capital Goods,IND,ANUP.NS
726,THOMASCOOK,Thomas Cook (India) Ltd.,Consumer Services,IND,THOMASCOOK.NS
727,THYROCARE,Thyrocare Technologies Ltd.,Healthcare,IND,THYROCARE.NS
728,TI,Tilaknagar Industries Ltd.,Fast Moving Consumer Goods,IND,TI.NS
729,TIMETECHNO,Time Technoplast Ltd.,Capital Goods,IND,TIMETECHNO.NS
730,TIPSMUSIC,Tips Music Ltd.,Media Entertainment & Publication,IND,TIPSMUSIC.NS
731,TRANSRAILL,Transrail Lighting Ltd.,Capital Goods,IND,TRANSRAILL.NS
732,TRIVENI,Triveni Engineering & Industries Ltd.,Fast Moving Consumer Goods,IND,TRIVENI.NS
733,UJJIVANSFB,Ujjivan Small Finance Bank Ltd.,Financial Services,IND,UJJIVANSFB.NS
734,VGUARD,V-Guard Industries Ltd.,Consumer Durables,IND,VGUARD.NS
735,VMART,V-Mart Retail Ltd.,Consumer Services,IND,VMART.NS
736,VIPIND,V.I.P. Industries Ltd.,Consumer Durables,IND,VIPIND.NS
737,V2RETAIL,V2 Retail Ltd.,Consumer Services,IND,V2RETAIL.NS
738,WABAG,Va Tech Wabag Ltd.,Utilities,IND,WABAG.NS
739,VAIBHAVGBL,Vaibhav Global Ltd.,Consumer Durables,IND,VAIBHAVGBL.NS
740,DBREALTY,Valor Estate Ltd.,Realty,IND,DBREALTY.NS
741,VARROC,Varroc Engineering Ltd.,Automobile and Auto Components,IND,VARROC.NS
742,MANYAVAR,Vedant Fashions Ltd.,Consumer Services,IND,MANYAVAR.NS
743,VIKRAMSOLR,Vikram Solar Ltd.,Capital Goods,IND,VIKRAMSOLR.NS
744,VIYASH,Viyash Scientific Ltd.,Healthcare,IND,VIYASH.NS
745,VOLTAMP,Voltamp Transformers Ltd,Capital Goods,IND,VOLTAMP.NS
746,WAAREERTL,Waaree Renewable Technologies Ltd.,Capital Goods,IND,WAAREERTL.NS
747,WAKEFIT,Wakefit Innovations Ltd.,Consumer Durables,IND,WAKEFIT.NS
748,WEWORK,WeWork India Management Ltd.,Services,IND,WEWORK.NS
749,WEBELSOLAR,Websol Energy System Ltd.,Capital Goods,IND,WEBELSOLAR.NS
750,WELENT,Welspun Enterprises Ltd.,Construction,IND,WELENT.NS
751,WESTLIFE,Westlife Foodworld Ltd.,Consumer Services,IND,WESTLIFE.NS
752,YATHARTH,Yatharth Hospital & Trauma Care Services Ltd.,Healthcare,IND,YATHARTH.NS
753,ZAGGLE,Zaggle Prepaid Ocean Services Ltd.,Information Technology,IND,ZAGGLE.NS
754,MMM,3M,Industrials,US,MMM
755,AOS,A. O. Smith,Industrials,US,AOS
756,ABT,Abbott Laboratories,Health Care,US,ABT
757,ABBV,AbbVie,Health Care,US,ABBV
758,ACN,Accenture,Information Technology,US,ACN
759,ADBE,Adobe Inc.,Information Technology,US,ADBE
760,AMD,Advanced Micro Devices,Information Technology,US,AMD
761,AES,AES Corporation,Utilities,US,AES
762,AFL,Aflac,Financials,US,AFL
763,A,Agilent Technologies,Health Care,US,A
764,APD,Air Products,Materials,US,APD
765,ABNB,Airbnb,Consumer Discretionary,US,ABNB
766,AKAM,Akamai Technologies,Information Technology,US,AKAM
767,ALB,Albemarle Corporation,Materials,US,ALB
768,ARE,Alexandria Real Estate Equities,Real Estate,US,ARE
769,ALGN,Align Technology,Health Care,US,ALGN
770,ALLE,Allegion,Industrials,US,ALLE
771,LNT,Alliant Energy,Utilities,US,LNT
772,ALL,Allstate,Financials,US,ALL
773,GOOGL,Alphabet Inc. (Class A),Communication Services,US,GOOGL
774,GOOG,Alphabet Inc. (Class C),Communication Services,US,GOOG
775,MO,Altria,Consumer Staples,US,MO
776,AMZN,Amazon,Consumer Discretionary,US,AMZN
777,AMCR,Amcor,Materials,US,AMCR
778,AEE,Ameren,Utilities,US,AEE
779,AEP,American Electric Power,Utilities,US,AEP
780,AXP,American Express,Financials,US,AXP
781,AIG,American International Group,Financials,US,AIG
782,AMT,American Tower,Real Estate,US,AMT
783,AWK,American Water Works,Utilities,US,AWK
784,AMP,Ameriprise Financial,Financials,US,AMP
785,AME,Ametek,Industrials,US,AME
786,AMGN,Amgen,Health Care,US,AMGN
787,APH,Amphenol,Information Technology,US,APH
788,ADI,Analog Devices,Information Technology,US,ADI
789,AON,Aon plc,Financials,US,AON
790,APA,APA Corporation,Energy,US,APA
791,APO,Apollo Global Management,Financials,US,APO
792,AAPL,Apple Inc.,Information Technology,US,AAPL
793,AMAT,Applied Materials,Information Technology,US,AMAT
794,APP,AppLovin,Information Technology,US,APP
795,APTV,Aptiv,Consumer Discretionary,US,APTV
796,ACGL,Arch Capital Group,Financials,US,ACGL
797,ADM,Archer Daniels Midland,Consumer Staples,US,ADM
798,ARES,Ares Management,Financials,US,ARES
799,ANET,Arista Networks,Information Technology,US,ANET
800,AJG,Arthur J. Gallagher & Co.,Financials,US,AJG
801,AIZ,Assurant,Financials,US,AIZ
802,T,AT&T,Communication Services,US,T
803,ATO,Atmos Energy,Utilities,US,ATO
804,ADSK,Autodesk,Information Technology,US,ADSK
805,ADP,Automatic Data Processing,Industrials,US,ADP
806,AZO,AutoZone,Consumer Discretionary,US,AZO
807,AVB,AvalonBay Communities,Real Estate,US,AVB
808,AVY,Avery Dennison,Materials,US,AVY
809,AXON,Axon Enterprise,Industrials,US,AXON
810,BKR,Baker Hughes,Energy,US,BKR
811,BALL,Ball Corporation,Materials,US,BALL
812,BAC,Bank of America,Financials,US,BAC
813,BAX,Baxter International,Health Care,US,BAX
814,BDX,Becton Dickinson,Health Care,US,BDX
816,BBY,Best Buy,Consumer Discretionary,US,BBY
817,TECH,Bio-Techne,Health Care,US,TECH
818,BIIB,Biogen,Health Care,US,BIIB
819,BLK,BlackRock,Financials,US,BLK
820,BX,Blackstone Inc.,Financials,US,BX
821,XYZ,"Block, Inc.",Financials,US,XYZ
822,BNY,BNY Mellon,Financials,US,BNY
823,BA,Boeing,Industrials,US,BA
824,BKNG,Booking Holdings,Consumer Discretionary,US,BKNG
825,BSX,Boston Scientific,Health Care,US,BSX
826,BMY,Bristol Myers Squibb,Health Care,US,BMY
827,AVGO,Broadcom,Information Technology,US,AVGO
828,BR,Broadridge Financial Solutions,Industrials,US,BR
829,BRO,Brown & Brown,Financials,US,BRO
831,BLDR,Builders FirstSource,Industrials,US,BLDR
832,BG,Bunge Global,Consumer Staples,US,BG
833,BXP,"BXP, Inc.",Real Estate,US,BXP
834,CHRW,C.H. Robinson,Industrials,US,CHRW
835,CDNS,Cadence Design Systems,Information Technology,US,CDNS
836,CPT,Camden Property Trust,Real Estate,US,CPT
837,COF,Capital One,Financials,US,COF
838,CAH,Cardinal Health,Health Care,US,CAH
839,CCL,Carnival Corporation,Consumer Discretionary,US,CCL
840,CARR,Carrier Global,Industrials,US,CARR
841,CVNA,Carvana,Consumer Discretionary,US,CVNA
842,CASY,Casey's,Consumer Staples,US,CASY
843,CAT,Caterpillar Inc.,Industrials,US,CAT
844,CBOE,Cboe Global Markets,Financials,US,CBOE
845,CBRE,CBRE Group,Real Estate,US,CBRE
846,CDW,CDW Corporation,Information Technology,US,CDW
847,COR,Cencora,Health Care,US,COR
848,CNC,Centene Corporation,Health Care,US,CNC
849,CNP,CenterPoint Energy,Utilities,US,CNP
850,CF,CF Industries,Materials,US,CF
851,CRL,Charles River Laboratories,Health Care,US,CRL
852,SCHW,Charles Schwab Corporation,Financials,US,SCHW
853,CHTR,Charter Communications,Communication Services,US,CHTR
854,CVX,Chevron Corporation,Energy,US,CVX
855,CMG,Chipotle Mexican Grill,Consumer Discretionary,US,CMG
856,CB,Chubb Limited,Financials,US,CB
857,CHD,Church & Dwight,Consumer Staples,US,CHD
858,CIEN,Ciena,Information Technology,US,CIEN
859,CI,Cigna,Health Care,US,CI
860,CINF,Cincinnati Financial,Financials,US,CINF
861,CTAS,Cintas,Industrials,US,CTAS
862,CSCO,Cisco,Information Technology,US,CSCO
863,C,Citigroup,Financials,US,C
864,CFG,Citizens Financial Group,Financials,US,CFG
865,CLX,Clorox,Consumer Staples,US,CLX
866,CME,CME Group,Financials,US,CME
867,CMS,CMS Energy,Utilities,US,CMS
868,KO,Coca-Cola Company (The),Consumer Staples,US,KO
869,CTSH,Cognizant,Information Technology,US,CTSH
870,COHR,Coherent Corp.,Information Technology,US,COHR
871,COIN,Coinbase,Financials,US,COIN
872,CL,Colgate-Palmolive,Consumer Staples,US,CL
873,CMCSA,Comcast,Communication Services,US,CMCSA
874,FIX,Comfort Systems USA,Industrials,US,FIX
875,CAG,Conagra Brands,Consumer Staples,US,CAG
876,COP,ConocoPhillips,Energy,US,COP
877,ED,Consolidated Edison,Utilities,US,ED
878,STZ,Constellation Brands,Consumer Staples,US,STZ
879,CEG,Constellation Energy,Utilities,US,CEG
880,COO,Cooper Companies (The),Health Care,US,COO
881,CPRT,Copart,Industrials,US,CPRT
882,GLW,Corning Inc.,Information Technology,US,GLW
883,CPAY,Corpay,Financials,US,CPAY
884,CTVA,Corteva,Materials,US,CTVA
885,CSGP,CoStar Group,Real Estate,US,CSGP
886,COST,Costco,Consumer Staples,US,COST
887,CRH,CRH plc,Materials,US,CRH
888,CRWD,CrowdStrike,Information Technology,US,CRWD
889,CCI,Crown Castle,Real Estate,US,CCI
890,CSX,CSX Corporation,Industrials,US,CSX
891,CMI,Cummins,Industrials,US,CMI
892,CVS,CVS Health,Health Care,US,CVS
893,DHR,Danaher Corporation,Health Care,US,DHR
894,DRI,Darden Restaurants,Consumer Discretionary,US,DRI
895,DDOG,Datadog,Information Technology,US,DDOG
896,DVA,DaVita,Health Care,US,DVA
897,DECK,Deckers Brands,Consumer Discretionary,US,DECK
898,DE,Deere & Company,Industrials,US,DE
899,DELL,Dell Technologies,Information Technology,US,DELL
900,DAL,Delta Air Lines,Industrials,US,DAL
901,DVN,Devon Energy,Energy,US,DVN
902,DXCM,Dexcom,Health Care,US,DXCM
903,FANG,Diamondback Energy,Energy,US,FANG
904,DLR,Digital Realty,Real Estate,US,DLR
905,DG,Dollar General,Consumer Staples,US,DG
906,DLTR,Dollar Tree,Consumer Staples,US,DLTR
907,D,Dominion Energy,Utilities,US,D
908,DPZ,Domino's,Consumer Discretionary,US,DPZ
909,DASH,DoorDash,Consumer Discretionary,US,DASH
910,DOV,Dover Corporation,Industrials,US,DOV
911,DOW,Dow Inc.,Materials,US,DOW
912,DHI,D. R. Horton,Consumer Discretionary,US,DHI
913,DTE,DTE Energy,Utilities,US,DTE
914,DUK,Duke Energy,Utilities,US,DUK
915,DD,DuPont,Materials,US,DD
916,ETN,Eaton Corporation,Industrials,US,ETN
917,EBAY,eBay Inc.,Consumer Discretionary,US,EBAY
918,SATS,EchoStar,Communication Services,US,SATS
919,ECL,Ecolab,Materials,US,ECL
920,EIX,Edison International,Utilities,US,EIX
921,EW,Edwards Lifesciences,Health Care,US,EW
922,EA,Electronic Arts,Communication Services,US,EA
923,ELV,Elevance Health,Health Care,US,ELV
924,EME,Emcor,Industrials,US,EME
925,EMR,Emerson Electric,Industrials,US,EMR
926,ETR,Entergy,Utilities,US,ETR
927,EOG,EOG Resources,Energy,US,EOG
928,EQT,EQT Corporation,Energy,US,EQT
929,EFX,Equifax,Industrials,US,EFX
930,EQIX,Equinix,Real Estate,US,EQIX
931,EQR,Equity Residential,Real Estate,US,EQR
932,ERIE,Erie Indemnity,Financials,US,ERIE
933,ESS,Essex Property Trust,Real Estate,US,ESS
934,EL,Estée Lauder Companies (The),Consumer Staples,US,EL
935,EG,Everest Group,Financials,US,EG
936,EVRG,Evergy,Utilities,US,EVRG
937,ES,Eversource Energy,Utilities,US,ES
938,EXC,Exelon,Utilities,US,EXC
939,EXE,Expand Energy,Energy,US,EXE
940,EXPE,Expedia Group,Consumer Discretionary,US,EXPE
941,EXPD,Expeditors International,Industrials,US,EXPD
942,EXR,Extra Space Storage,Real Estate,US,EXR
943,XOM,ExxonMobil,Energy,US,XOM
944,FFIV,"F5, Inc.",Information Technology,US,FFIV
945,FDS,FactSet,Financials,US,FDS
946,FICO,Fair Isaac,Information Technology,US,FICO
947,FAST,Fastenal,Industrials,US,FAST
948,FRT,Federal Realty Investment Trust,Real Estate,US,FRT
949,FDX,FedEx,Industrials,US,FDX
950,FDXF,FedEx Freight,Industrials,US,FDXF
951,FIS,Fidelity National Information Services,Financials,US,FIS
952,FITB,Fifth Third Bancorp,Financials,US,FITB
953,FSLR,First Solar,Information Technology,US,FSLR
954,FE,FirstEnergy,Utilities,US,FE
955,FISV,Fiserv,Financials,US,FISV
956,FLEX,Flex Ltd.,Information Technology,US,FLEX
957,F,Ford Motor Company,Consumer Discretionary,US,F
958,FTNT,Fortinet,Information Technology,US,FTNT
959,FTV,Fortive,Industrials,US,FTV
960,FOXA,Fox Corporation (Class A),Communication Services,US,FOXA
961,FOX,Fox Corporation (Class B),Communication Services,US,FOX
962,BEN,Franklin Resources,Financials,US,BEN
963,FCX,Freeport-McMoRan,Materials,US,FCX
964,GRMN,Garmin,Consumer Discretionary,US,GRMN
965,IT,Gartner,Information Technology,US,IT
966,GE,GE Aerospace,Industrials,US,GE
967,GEHC,GE HealthCare,Health Care,US,GEHC
968,GEV,GE Vernova,Industrials,US,GEV
969,GEN,Gen Digital,Information Technology,US,GEN
970,GNRC,Generac,Industrials,US,GNRC
971,GD,General Dynamics,Industrials,US,GD
972,GIS,General Mills,Consumer Staples,US,GIS
973,GM,General Motors,Consumer Discretionary,US,GM
974,GPC,Genuine Parts Company,Consumer Discretionary,US,GPC
975,GILD,Gilead Sciences,Health Care,US,GILD
976,GPN,Global Payments,Financials,US,GPN
977,GL,Globe Life,Financials,US,GL
978,GDDY,GoDaddy,Information Technology,US,GDDY
979,GS,Goldman Sachs,Financials,US,GS
980,HAL,Halliburton,Energy,US,HAL
981,HIG,Hartford (The),Financials,US,HIG
982,HAS,Hasbro,Consumer Discretionary,US,HAS
983,HCA,HCA Healthcare,Health Care,US,HCA
984,DOC,Healthpeak Properties,Real Estate,US,DOC
985,HSIC,Henry Schein,Health Care,US,HSIC
986,HSY,Hershey Company (The),Consumer Staples,US,HSY
987,HPE,Hewlett Packard Enterprise,Information Technology,US,HPE
988,HLT,Hilton Worldwide,Consumer Discretionary,US,HLT
989,HD,Home Depot (The),Consumer Discretionary,US,HD
990,HON,Honeywell,Industrials,US,HON
991,HRL,Hormel Foods,Consumer Staples,US,HRL
992,HST,Host Hotels & Resorts,Real Estate,US,HST
993,HWM,Howmet Aerospace,Industrials,US,HWM
994,HPQ,HP Inc.,Information Technology,US,HPQ
995,HUBB,Hubbell Incorporated,Industrials,US,HUBB
996,HUM,Humana,Health Care,US,HUM
997,HBAN,Huntington Bancshares,Financials,US,HBAN
998,HII,Huntington Ingalls Industries,Industrials,US,HII
999,IBM,IBM,Information Technology,US,IBM
1000,IEX,IDEX Corporation,Industrials,US,IEX
1001,IDXX,Idexx Laboratories,Health Care,US,IDXX
1002,ITW,Illinois Tool Works,Industrials,US,ITW
1003,INCY,Incyte,Health Care,US,INCY
1004,IR,Ingersoll Rand,Industrials,US,IR
1005,PODD,Insulet Corporation,Health Care,US,PODD
1006,INTC,Intel,Information Technology,US,INTC
1007,IBKR,Interactive Brokers,Financials,US,IBKR
1008,ICE,Intercontinental Exchange,Financials,US,ICE
1009,IFF,International Flavors & Fragrances,Materials,US,IFF
1010,IP,International Paper,Materials,US,IP
1011,INTU,Intuit,Information Technology,US,INTU
1012,ISRG,Intuitive Surgical,Health Care,US,ISRG
1013,IVZ,Invesco,Financials,US,IVZ
1014,INVH,Invitation Homes,Real Estate,US,INVH
1015,IQV,IQVIA,Health Care,US,IQV
1016,IRM,Iron Mountain,Real Estate,US,IRM
1017,JBHT,J.B. Hunt,Industrials,US,JBHT
1018,JBL,Jabil,Information Technology,US,JBL
1019,JKHY,Jack Henry & Associates,Financials,US,JKHY
1020,J,Jacobs Solutions,Industrials,US,J
1021,JNJ,Johnson & Johnson,Health Care,US,JNJ
1022,JCI,Johnson Controls,Industrials,US,JCI
1023,JPM,JPMorgan Chase,Financials,US,JPM
1024,KVUE,Kenvue,Consumer Staples,US,KVUE
1025,KDP,Keurig Dr Pepper,Consumer Staples,US,KDP
1026,KEY,KeyCorp,Financials,US,KEY
1027,KEYS,Keysight Technologies,Information Technology,US,KEYS
1028,KMB,Kimberly-Clark,Consumer Staples,US,KMB
1029,KIM,Kimco Realty,Real Estate,US,KIM
1030,KMI,Kinder Morgan,Energy,US,KMI
1031,KKR,KKR & Co.,Financials,US,KKR
1032,KLAC,KLA Corporation,Information Technology,US,KLAC
1033,KHC,Kraft Heinz,Consumer Staples,US,KHC
1034,KR,Kroger,Consumer Staples,US,KR
1035,LHX,L3Harris,Industrials,US,LHX
1036,LH,Labcorp,Health Care,US,LH
1037,LRCX,Lam Research,Information Technology,US,LRCX
1038,LVS,Las Vegas Sands,Consumer Discretionary,US,LVS
1039,LDOS,Leidos,Industrials,US,LDOS
1040,LEN,Lennar,Consumer Discretionary,US,LEN
1041,LII,Lennox International,Industrials,US,LII
1042,LLY,Lilly (Eli),Health Care,US,LLY
1043,LIN,Linde plc,Materials,US,LIN
1044,LYV,Live Nation Entertainment,Communication Services,US,LYV
1045,LMT,Lockheed Martin,Industrials,US,LMT
1046,L,Loews Corporation,Financials,US,L
1047,LOW,Lowe's,Consumer Discretionary,US,LOW
1048,LULU,Lululemon Athletica,Consumer Discretionary,US,LULU
1049,LITE,Lumentum,Information Technology,US,LITE
1050,LYB,LyondellBasell,Materials,US,LYB
1051,MTB,M&T Bank,Financials,US,MTB
1052,MPC,Marathon Petroleum,Energy,US,MPC
1053,MAR,Marriott International,Consumer Discretionary,US,MAR
1054,MRSH,Marsh McLennan,Financials,US,MRSH
1055,MLM,Martin Marietta Materials,Materials,US,MLM
1056,MRVL,Marvell Technology,Information Technology,US,MRVL
1057,MAS,Masco,Industrials,US,MAS
1058,MA,Mastercard,Financials,US,MA
1059,MKC,McCormick & Company,Consumer Staples,US,MKC
1060,MCD,McDonald's,Consumer Discretionary,US,MCD
1061,MCK,McKesson Corporation,Health Care,US,MCK
1062,MDT,Medtronic,Health Care,US,MDT
1063,MRK,Merck & Co.,Health Care,US,MRK
1064,META,Meta Platforms,Communication Services,US,META
1065,MET,MetLife,Financials,US,MET
1066,MTD,Mettler Toledo,Health Care,US,MTD
1067,MGM,MGM Resorts,Consumer Discretionary,US,MGM
1068,MCHP,Microchip Technology,Information Technology,US,MCHP
1069,MU,Micron Technology,Information Technology,US,MU
1070,MSFT,Microsoft,Information Technology,US,MSFT
1071,MAA,Mid-America Apartment Communities,Real Estate,US,MAA
1072,MRNA,Moderna,Health Care,US,MRNA
1073,TAP,Molson Coors Beverage Company,Consumer Staples,US,TAP
1074,MDLZ,Mondelez International,Consumer Staples,US,MDLZ
1075,MPWR,Monolithic Power Systems,Information Technology,US,MPWR
1076,MNST,Monster Beverage,Consumer Staples,US,MNST
1077,MCO,Moody's Corporation,Financials,US,MCO
1078,MS,Morgan Stanley,Financials,US,MS
1079,MOS,Mosaic Company (The),Materials,US,MOS
1080,MSI,Motorola Solutions,Information Technology,US,MSI
1081,MSCI,MSCI Inc.,Financials,US,MSCI
1082,NDAQ,"Nasdaq, Inc.",Financials,US,NDAQ
1083,NTAP,NetApp,Information Technology,US,NTAP
1084,NFLX,Netflix,Communication Services,US,NFLX
1085,NEM,Newmont,Materials,US,NEM
1086,NWSA,News Corp (Class A),Communication Services,US,NWSA
1087,NWS,News Corp (Class B),Communication Services,US,NWS
1088,NEE,NextEra Energy,Utilities,US,NEE
1089,NKE,"Nike, Inc.",Consumer Discretionary,US,NKE
1090,NI,NiSource,Utilities,US,NI
1091,NDSN,Nordson Corporation,Industrials,US,NDSN
1092,NSC,Norfolk Southern,Industrials,US,NSC
1093,NTRS,Northern Trust,Financials,US,NTRS
1094,NOC,Northrop Grumman,Industrials,US,NOC
1095,NCLH,Norwegian Cruise Line Holdings,Consumer Discretionary,US,NCLH
1096,NRG,NRG Energy,Utilities,US,NRG
1097,NUE,Nucor,Materials,US,NUE
1098,NVDA,Nvidia,Information Technology,US,NVDA
1099,NVR,"NVR, Inc.",Consumer Discretionary,US,NVR
1100,NXPI,NXP Semiconductors,Information Technology,US,NXPI
1101,ORLY,O’Reilly Automotive,Consumer Discretionary,US,ORLY
1102,OXY,Occidental Petroleum,Energy,US,OXY
1103,ODFL,Old Dominion,Industrials,US,ODFL
1104,OMC,Omnicom Group,Communication Services,US,OMC
1105,ON,ON Semiconductor,Information Technology,US,ON
1106,OKE,Oneok,Energy,US,OKE
1107,ORCL,Oracle Corporation,Information Technology,US,ORCL
1108,OTIS,Otis Worldwide,Industrials,US,OTIS
1109,PCAR,Paccar,Industrials,US,PCAR
1110,PKG,Packaging Corporation of America,Materials,US,PKG
1111,PLTR,Palantir Technologies,Information Technology,US,PLTR
1112,PANW,Palo Alto Networks,Information Technology,US,PANW
1113,PSKY,Paramount Skydance Corporation,Communication Services,US,PSKY
1114,PH,Parker Hannifin,Industrials,US,PH
1115,PAYX,Paychex,Industrials,US,PAYX
1116,PYPL,PayPal,Financials,US,PYPL
1117,PNR,Pentair,Industrials,US,PNR
1118,PEP,PepsiCo,Consumer Staples,US,PEP
1119,PFE,Pfizer,Health Care,US,PFE
1120,PCG,PG&E Corporation,Utilities,US,PCG
1121,PM,Philip Morris International,Consumer Staples,US,PM
1122,PSX,Phillips 66,Energy,US,PSX
1123,PNW,Pinnacle West Capital,Utilities,US,PNW
1124,PNC,PNC Financial Services,Financials,US,PNC
1125,PPG,PPG Industries,Materials,US,PPG
1126,PPL,PPL Corporation,Utilities,US,PPL
1127,PFG,Principal Financial Group,Financials,US,PFG
1128,PG,Procter & Gamble,Consumer Staples,US,PG
1129,PGR,Progressive Corporation,Financials,US,PGR
1130,PLD,Prologis,Real Estate,US,PLD
1131,PRU,Prudential Financial,Financials,US,PRU
1132,PEG,Public Service Enterprise Group,Utilities,US,PEG
1133,PTC,PTC Inc.,Information Technology,US,PTC
1134,PSA,Public Storage,Real Estate,US,PSA
1135,PHM,PulteGroup,Consumer Discretionary,US,PHM
1136,PWR,Quanta Services,Industrials,US,PWR
1137,QCOM,Qualcomm,Information Technology,US,QCOM
1138,DGX,Quest Diagnostics,Health Care,US,DGX
1139,Q,Qnity Electronics,Information Technology,US,Q
1140,RL,Ralph Lauren Corporation,Consumer Discretionary,US,RL
1141,RJF,Raymond James Financial,Financials,US,RJF
1142,RTX,RTX Corporation,Industrials,US,RTX
1143,O,Realty Income,Real Estate,US,O
1144,REG,Regency Centers,Real Estate,US,REG
1145,REGN,Regeneron Pharmaceuticals,Health Care,US,REGN
1146,RF,Regions Financial Corporation,Financials,US,RF
1147,RSG,Republic Services,Industrials,US,RSG
1148,RMD,ResMed,Health Care,US,RMD
1149,RVTY,Revvity,Health Care,US,RVTY
1150,HOOD,Robinhood Markets,Financials,US,HOOD
1151,ROK,Rockwell Automation,Industrials,US,ROK
1152,ROL,"Rollins, Inc.",Industrials,US,ROL
1153,ROP,Roper Technologies,Information Technology,US,ROP
1154,ROST,Ross Stores,Consumer Discretionary,US,ROST
1155,RCL,Royal Caribbean Group,Consumer Discretionary,US,RCL
1156,SPGI,S&P Global,Financials,US,SPGI
1157,CRM,Salesforce,Information Technology,US,CRM
1158,SNDK,Sandisk,Information Technology,US,SNDK
1159,SBAC,SBA Communications,Real Estate,US,SBAC
1160,SLB,Schlumberger,Energy,US,SLB
1161,STX,Seagate Technology,Information Technology,US,STX
1162,SRE,Sempra,Utilities,US,SRE
1163,NOW,ServiceNow,Information Technology,US,NOW
1164,SHW,Sherwin-Williams,Materials,US,SHW
1165,SPG,Simon Property Group,Real Estate,US,SPG
1166,SWKS,Skyworks Solutions,Information Technology,US,SWKS
1167,SJM,J.M. Smucker Company (The),Consumer Staples,US,SJM
1168,SW,Smurfit Westrock,Materials,US,SW
1169,SNA,Snap-on,Industrials,US,SNA
1170,SOLV,Solventum,Health Care,US,SOLV
1171,SO,Southern Company,Utilities,US,SO
1172,LUV,Southwest Airlines,Industrials,US,LUV
1173,SWK,Stanley Black & Decker,Industrials,US,SWK
1174,SBUX,Starbucks,Consumer Discretionary,US,SBUX
1175,STT,State Street Corporation,Financials,US,STT
1176,STLD,Steel Dynamics,Materials,US,STLD
1177,STE,Steris,Health Care,US,STE
1178,SYK,Stryker Corporation,Health Care,US,SYK
1179,SMCI,Supermicro,Information Technology,US,SMCI
1180,SYF,Synchrony Financial,Financials,US,SYF
1181,SNPS,Synopsys,Information Technology,US,SNPS
1182,SYY,Sysco,Consumer Staples,US,SYY
1183,TMUS,T-Mobile US,Communication Services,US,TMUS
1184,TROW,T. Rowe Price,Financials,US,TROW
1185,TTWO,Take-Two Interactive,Communication Services,US,TTWO
1186,TPR,"Tapestry, Inc.",Consumer Discretionary,US,TPR
1187,TRGP,Targa Resources,Energy,US,TRGP
1188,TGT,Target Corporation,Consumer Staples,US,TGT
1189,TEL,TE Connectivity,Information Technology,US,TEL
1190,TDY,Teledyne Technologies,Information Technology,US,TDY
1191,TER,Teradyne,Information Technology,US,TER
1192,TSLA,"Tesla, Inc.",Consumer Discretionary,US,TSLA
1193,TXN,Texas Instruments,Information Technology,US,TXN
1194,TPL,Texas Pacific Land Corporation,Energy,US,TPL
1195,TXT,Textron,Industrials,US,TXT
1196,TMO,Thermo Fisher Scientific,Health Care,US,TMO
1197,TJX,TJX Companies,Consumer Discretionary,US,TJX
1198,TKO,TKO Group Holdings,Communication Services,US,TKO
1199,TTD,Trade Desk (The),Communication Services,US,TTD
1200,TSCO,Tractor Supply,Consumer Discretionary,US,TSCO
1201,TT,Trane Technologies,Industrials,US,TT
1202,TDG,TransDigm Group,Industrials,US,TDG
1203,TRV,Travelers Companies (The),Financials,US,TRV
1204,TRMB,Trimble Inc.,Information Technology,US,TRMB
1205,TFC,Truist Financial,Financials,US,TFC
1206,TYL,Tyler Technologies,Information Technology,US,TYL
1207,TSN,Tyson Foods,Consumer Staples,US,TSN
1208,USB,U.S. Bancorp,Financials,US,USB
1209,UBER,Uber,Industrials,US,UBER
1210,UDR,"UDR, Inc.",Real Estate,US,UDR
1211,ULTA,Ulta Beauty,Consumer Discretionary,US,ULTA
1212,UNP,Union Pacific Corporation,Industrials,US,UNP
1213,UAL,United Airlines Holdings,Industrials,US,UAL
1214,UPS,United Parcel Service,Industrials,US,UPS
1215,URI,United Rentals,Industrials,US,URI
1216,UNH,UnitedHealth Group,Health Care,US,UNH
1217,UHS,Universal Health Services,Health Care,US,UHS
1218,VLO,Valero Energy,Energy,US,VLO
1219,VEEV,Veeva Systems,Health Care,US,VEEV
1220,VTR,Ventas,Real Estate,US,VTR
1221,VLTO,Veralto,Industrials,US,VLTO
1222,VRSN,Verisign,Information Technology,US,VRSN
1223,VRSK,Verisk Analytics,Industrials,US,VRSK
1224,VZ,Verizon,Communication Services,US,VZ
1225,VRTX,Vertex Pharmaceuticals,Health Care,US,VRTX
1226,VRT,Vertiv,Industrials,US,VRT
1227,VTRS,Viatris,Health Care,US,VTRS
1228,VICI,Vici Properties,Real Estate,US,VICI
1229,V,Visa Inc.,Financials,US,V
1230,VST,Vistra Corp.,Utilities,US,VST
1231,VMC,Vulcan Materials Company,Materials,US,VMC
1232,WRB,W. R. Berkley Corporation,Financials,US,WRB
1233,GWW,W. W. Grainger,Industrials,US,GWW
1234,WAB,Wabtec,Industrials,US,WAB
1235,WMT,Walmart,Consumer Staples,US,WMT
1236,DIS,Walt Disney Company (The),Communication Services,US,DIS
1237,WBD,Warner Bros. Discovery,Communication Services,US,WBD
1238,WM,Waste Management,Industrials,US,WM
1239,WAT,Waters Corporation,Health Care,US,WAT
1240,WEC,WEC Energy Group,Utilities,US,WEC
1241,WFC,Wells Fargo,Financials,US,WFC
1242,WELL,Welltower,Real Estate,US,WELL
1243,WST,West Pharmaceutical Services,Health Care,US,WST
1244,WDC,Western Digital,Information Technology,US,WDC
1245,WY,Weyerhaeuser,Real Estate,US,WY
1246,WSM,"Williams-Sonoma, Inc.",Consumer Discretionary,US,WSM
1247,WMB,Williams Companies,Energy,US,WMB
1248,WTW,Willis Towers Watson,Financials,US,WTW
1249,WDAY,"Workday, Inc.",Information Technology,US,WDAY
1250,WYNN,Wynn Resorts,Consumer Discretionary,US,WYNN
1251,XEL,Xcel Energy,Utilities,US,XEL
1252,XYL,Xylem Inc.,Industrials,US,XYL
1253,YUM,Yum! Brands,Consumer Discretionary,US,YUM
1254,ZBRA,Zebra Technologies,Information Technology,US,ZBRA
1255,ZBH,Zimmer Biomet,Health Care,US,ZBH